PLAYERS,LEAGUE,POSITION,TEAM,MATCHES_PLAYED,MINUTES_PLAYED,DISTANCE_COVERED,DISTANCE_COVERED_IN_POSSESSION,DISTANCE_COVERED_NOT_IN_POSSESSION,TOP_SPEED,TOTAL_GOALS_SCORED,OFFSIDES,SOLO_RUNS_INTO_AREA,LOST_BALLS,DELIVERIES_IN_PENALTY_AREA,TACKLES,TACKLES_SUFFERED,TACKLES_WON,ATTEMPTED_CLEARANCES,CLEARANCE_RATE,SAVES,BLOCKS,RECOVERED_BALLS,YELLOW_CARDS,SECOND_YELLOW_CARD_AND_RED_CARD,RED_CARDS,FOULS_COMMITTED,FOULS_SUFFERED,FOULS_CAUSING_A_PENALTY,ASSISTS,PENALTIES_SCORED,GOALS_SCORED_WITH_THE_LEFT_FOOT,GOALS_SCORED_WITH_THE_RIGHT_FOOT,HEADED_GOALS,SHOTS,ATTEMPTS_ON_TARGET,ATTEMPTS_OFF-TARGET,WOODWORK,TOTAL_PASSES,PASSES_COMPLETED,PASSES_COMPLETED_PERCENT,CROSSES,CROSSES_COMPLETED,CROSSES_COMPLETED_PERCENT,CORNERS,THROW-INS,THROW-INS_COMPLETED
Thomas MUELLER,STAR,M,Germany,7,682,84,34.5,26.4,30.5,5,8,9,72,12,8,23,2,3,1,0,1,11,0,0,0,14,17,0,3,1,1,4,0,16,10,6,0,319,221,0.69,24,5,0.21,1,10,10
Toni KROOS,WC Players,M,Germany,7,690,82.6,34.3,28,29.8,2,0,1,58,15,5,15,1,2,0.5,0,0,20,0,0,0,7,15,0,4,0,1,1,0,16,11,5,0,633,537,0.85,42,13,0.31,30,3,2
Javier MASCHERANO,WC Players,M,Argentina,7,720,81.2,29.5,30.7,30.3,,,,,,,,10,8,1,0,6,49,1,0,0,9,17,0,,,,,,4,4,0,0,626,536,0.86,3,0,,0,3,3
Philipp LAHM,WC Players,D,Germany,7,690,81,34.6,27.2,28.7,,,,,,,,4,7,0.86,0,5,39,1,0,0,3,9,0,,,,,,3,3,0,0,651,562,0.86,13,6,0.46,0,36,32
Benedikt HOEWEDES,WC Players,D,Germany,7,690,80.4,32.1,27.2,30.5,,,,,,,,5,16,0.88,0,3,44,2,0,0,10,6,0,,,,,,4,3,1,1,383,302,0.79,2,0,,0,67,45
Arjen ROBBEN,STAR,M,Netherlands,7,690,79.3,31,25.8,32.2,3,5,19,49,19,2,31,0,0,,0,0,10,1,0,0,10,28,0,1,0,3,0,0,20,19,1,0,288,201,0.7,38,15,0.39,21,16,12
Pablo ZABALETA,WC Players,D,Argentina,7,720,79.1,30.2,28.3,29.6,,,,,,,,6,12,1,0,1,32,0,0,0,8,5,0,,,,,,1,0,1,0,396,310,0.78,11,1,0.09,0,85,62
Ezequiel GARAY,WC Players,D,Argentina,7,720,76.1,26.2,27.6,31.4,,,,,,,,1,21,0.86,0,3,52,1,0,0,8,1,0,,,,,,5,1,4,0,388,338,0.87,0,0,,0,0,0
Daley BLIND,WC Players,D,Netherlands,7,670,75.7,27.5,28.2,27.5,1,0,1,39,4,15,5,6,8,0.88,0,0,34,1,0,0,10,5,0,2,0,0,1,0,3,1,2,0,428,351,0.82,8,3,0.38,0,45,26
Ron VLAAR,WC Players,D,Netherlands,7,690,74.6,25.2,28.5,33,,,,,,,,5,29,0.87,0,5,42,0,0,0,5,3,0,,,,,,4,1,3,0,357,297,0.83,0,0,,0,2,1
Mesut OEZIL,WC Players,M,Germany,7,655,73.2,31.6,23.6,32,1,3,8,66,14,3,19,2,0,,0,0,7,0,0,0,4,8,0,1,0,1,0,0,10,7,3,0,401,315,0.79,14,2,0.14,6,7,6
Marcos ROJO,WC Players,D,Argentina,6,615,72.7,27.9,25.5,31.8,1,0,1,69,7,12,8,5,12,0.84,0,2,46,2,0,0,7,6,0,0,0,0,1,0,8,4,4,0,366,264,0.72,26,5,0.19,0,51,41
Stefan DE VRIJ,WC Players,D,Netherlands,7,677,71.5,23.9,27.6,28.5,1,1,0,49,3,17,3,5,12,0.92,0,4,58,1,0,0,10,2,1,0,0,1,0,0,5,2,3,1,430,351,0.82,2,0,,0,2,1
OSCAR,WC Players,M,Brazil,7,640,70.6,26,23.8,27.8,2,2,5,67,12,30,24,11,6,1,0,0,23,1,0,0,9,13,0,1,0,0,2,0,14,11,3,0,327,221,0.68,25,5,0.2,7,6,5
Jerome BOATENG,WC Players,D,Germany,7,646,70.2,27.4,24.3,31.1,,,,,,,,3,18,0.95,0,3,51,0,0,0,4,3,0,,,,,,1,1,0,0,461,379,0.82,13,5,0.38,0,16,9
Wesley SNEIJDER,WC Players,M,Netherlands,6,585,69.6,27.3,24.7,30.2,1,0,3,56,10,5,10,1,0,,0,0,17,0,0,0,7,6,0,1,0,0,1,0,18,12,6,2,335,242,0.72,25,3,0.12,9,5,4
Georginio WIJNALDUM,WC Players,M,Netherlands,7,550,64.9,23.4,23.3,28.7,1,1,1,28,2,5,5,1,5,1,0,0,20,0,0,0,6,9,0,0,0,0,1,0,4,2,2,0,255,213,0.84,1,1,1,0,3,2
Gonzalo HIGUAIN,WC Players,F,Argentina,7,571,63.6,25.1,19.2,33.1,1,4,2,40,4,4,10,2,4,0.5,0,0,5,0,0,0,5,6,0,1,0,0,1,0,13,6,7,1,157,118,0.75,3,0,,0,2,0
Bastian SCHWEINSTEIGER,WC Players,M,Germany,6,505,63.2,26.1,20.4,29.2,,,,,,,,2,9,1,0,2,31,2,0,0,12,16,0,,,,,,6,3,3,0,467,412,0.88,7,2,0.29,0,2,2
DAVID LUIZ,WC Players,D,Brazil,7,660,63.2,21.8,21.5,29.1,2,0,0,55,5,15,4,4,18,0.84,0,4,44,0,0,0,12,11,0,1,0,1,1,0,9,7,2,0,391,300,0.77,5,1,0.2,0,0,0
LUIZ GUSTAVO,WC Players,M,Brazil,6,526,62.9,22.4,22.9,31.4,,,,,,,,8,8,0.63,0,1,42,2,0,0,15,14,0,,,,,,3,2,1,0,325,269,0.83,4,1,0.25,0,1,0
Lionel MESSI,STAR,F,Argentina,7,693,62.7,26,18.8,30.3,4,3,8,71,26,7,26,0,0,,0,0,9,0,0,0,6,18,0,1,0,4,0,0,22,10,12,0,356,242,0.68,31,9,0.29,14,2,2
Robin VAN PERSIE,WC Players,F,Netherlands,6,548,62.3,24.9,18.8,30.2,4,12,2,39,1,1,7,0,6,0.5,0,1,4,2,0,0,18,7,0,0,1,3,0,1,16,13,3,1,141,83,0.59,3,0,,0,2,1
Celso BORGES,WC Players,M,Costa Rica,5,498,60.4,17.4,24.5,28.5,,,,,,,,0,8,0.75,0,1,21,0,0,0,4,2,0,,,,,,4,2,2,0,200,161,0.81,1,0,,1,1,0
MARCELO,WC Players,D,Brazil,6,570,59.7,21.3,20.7,30.5,,,,,,,,6,4,1,0,1,35,0,0,0,10,12,0,,,,,,7,3,4,0,379,291,0.77,15,3,0.2,0,47,34
Dirk KUYT,WC Players,F,Netherlands,5,509,58.9,20.7,20.4,29.9,,,,,,,,0,8,0.88,0,0,22,0,0,0,4,0,0,,,,,,4,2,2,0,346,247,0.71,20,2,0.1,0,34,26
Bryan RUIZ,WC Players,F,Costa Rica,5,494,57.4,16.8,21.6,29.6,2,0,0,38,4,3,9,0,4,1,0,1,12,1,0,0,12,10,0,0,0,1,0,1,5,3,2,0,202,158,0.78,6,1,0.17,3,1,1
Junior DIAZ,WC Players,D,Costa Rica,5,510,56.2,15.4,22.7,33.8,,,,,,,,2,9,0.89,0,1,17,1,0,0,8,10,1,,,,,,,,,,239,155,0.65,8,2,0.25,0,57,30
Mats HUMMELS,WC Players,D,Germany,6,509,55.7,21.1,20.1,32.3,2,0,0,36,0,14,0,5,10,0.8,0,5,47,0,0,0,4,2,0,0,0,0,0,2,3,3,0,0,345,281,0.81,1,0,,0,1,1
Marouane FELLAINI,WC Players,M,Belgium,5,415,55.4,18.9,19.5,30.3,1,7,2,34,1,8,4,2,3,1,0,0,15,0,0,0,19,4,0,0,0,0,0,1,7,2,5,0,202,146,0.72,1,0,,0,2,2
Michael BRADLEY,STAR,M,USA,4,390,54.7,19,21.2,30.9,,,,,,,,1,2,1,0,0,9,0,0,0,8,3,0,,,,,,5,3,2,0,295,246,0.83,6,2,0.33,1,2,2
Giancarlo GONZALEZ,WC Players,D,Costa Rica,5,510,54.4,13.9,22.9,30.5,,,,,,,,3,17,0.77,0,6,37,2,0,0,4,4,0,,,,,,5,0,5,0,182,137,0.75,0,0,,0,0,0
Daniel VAN BUYTEN,WC Players,D,Belgium,5,480,52.7,17.3,19.3,31.6,,,,,,,,1,17,1,0,8,41,0,0,0,3,4,0,,,,,,5,3,2,0,279,234,0.84,1,0,,0,3,2
Marcelo DIAZ,WC Players,M,Chile,4,390,52.2,20.2,17.7,28,,,,,,,,2,5,1,0,0,19,0,0,0,5,2,0,,,,,,6,1,5,0,240,202,0.84,12,3,0.25,5,0,0
Thiago SILVA,WC Players,D,Brazil,6,570,50.7,15.7,17.1,31.6,1,0,0,39,1,9,2,2,23,0.66,0,7,37,3,0,0,5,6,1,1,0,1,0,0,2,2,0,0,302,254,0.84,0,0,,0,0,0
Bruno MARTINS INDI,WC Players,D,Netherlands,6,458,50.4,17.4,19.7,30.3,,,,,,,,2,3,0.67,0,2,28,2,0,0,11,3,0,,,,,,,,,,309,276,0.89,2,0,,0,7,6
Kevin DE BRUYNE,WC Players,M,Belgium,4,390,50.3,18.5,17,31,1,2,0,44,9,5,3,2,0,,0,0,16,0,0,0,4,1,0,2,0,0,1,0,10,7,3,0,233,164,0.7,29,7,0.24,17,13,10
Blaise MATUIDI,WC Players,M,France,5,427,50.1,18.8,17.5,31.2,1,0,1,30,8,10,6,1,2,1,0,0,15,1,0,0,9,9,0,0,0,1,0,0,8,5,3,1,261,217,0.83,9,0,,0,1,0
Yeltsin TEJEDA,WC Players,M,Costa Rica,5,395,50,14.6,20.5,31.2,,,,,,,,5,5,1,0,2,23,1,0,0,6,2,0,,,,,,,,,,193,151,0.78,1,0,,0,0,0
NEYMAR,WC Players,F,Brazil,5,457,49.9,18.5,15.9,31.8,4,3,4,62,16,6,35,3,0,,0,1,16,1,0,0,8,18,0,1,1,1,3,0,18,13,5,0,218,137,0.63,33,13,0.39,23,4,4
Jermaine JONES,WC Players,M,USA,4,390,47.6,15.1,18.9,31.6,1,0,1,51,3,9,14,2,4,0.25,0,0,9,1,0,0,8,11,0,0,0,0,1,0,10,6,4,0,173,112,0.65,4,1,0.25,0,1,0
Karim BENZEMA,WC Players,F,France,5,450,47.4,18.1,14.8,29.1,3,3,5,37,15,1,9,1,1,1,0,0,3,0,0,0,2,4,0,2,1,0,3,0,32,25,7,1,147,113,0.77,8,4,0.5,1,1,0
Sami KHEDIRA,WC Players,M,Germany,5,376,47.4,18.6,17.2,29.8,1,0,0,24,5,2,3,0,8,0.63,0,0,12,1,0,0,6,7,0,1,0,0,1,0,4,3,1,0,232,203,0.88,4,2,0.5,0,2,1
FRED,WC Players,F,Brazil,6,471,47.2,17.3,13.8,27.8,1,5,0,33,3,0,8,,,,,,,0,0,0,6,7,0,0,0,0,0,1,11,9,2,0,109,68,0.62,1,0,,0,0,0
Jan VERTONGHEN,WC Players,D,Belgium,5,449,47.2,16.2,17.1,31.2,1,0,1,43,5,8,2,2,7,1,0,4,25,1,0,0,4,3,1,0,0,1,0,0,10,5,5,0,273,195,0.71,18,3,0.17,0,43,28
Gokhan INLER,WC Players,M,Switzerland,4,390,47.1,15.9,18.1,28.5,,,,,,,,4,6,0.84,0,1,24,0,0,0,8,6,0,,,,,,7,3,4,0,258,207,0.8,6,2,0.33,2,0,0
Charles ARANGUIZ,WC Players,M,Chile,4,364,47,17.9,15.9,29.1,1,1,0,22,1,9,8,2,2,1,0,1,15,1,0,0,3,5,0,1,0,0,1,0,4,4,0,0,166,133,0.8,3,1,0.33,0,0,0
Cristian GAMBOA,WC Players,D,Costa Rica,5,426,47,13.9,18.8,31.2,,,,,,,,5,8,0.63,0,0,24,0,0,0,9,8,0,,,,,,1,0,1,0,190,120,0.63,14,2,0.14,0,40,22
PAULINHO,WC Players,M,Brazil,6,386,46.9,18.7,15,28.1,,,,,,,,1,2,0.5,0,0,7,0,0,0,9,2,0,,,,,,8,6,2,0,144,111,0.77,2,1,0.5,0,1,0
Stephan LICHTSTEINER,WC Players,D,Switzerland,4,390,46.1,16,17.7,29.8,,,,,,,,2,4,0.5,0,3,17,0,0,0,6,7,0,,,,,,2,1,1,0,212,161,0.76,5,1,0.2,0,36,22
James RODRIGUEZ,WC Players,M,Colombia,5,399,46.1,16,15.5,30.9,6,0,2,41,17,9,8,1,0,,0,1,10,1,0,0,10,12,0,2,1,4,1,1,17,16,1,0,232,160,0.69,24,10,0.42,13,4,4
Christian BOLANOS,WC Players,M,Costa Rica,5,413,46,14.2,17.1,32.3,,,,,,,,2,2,1,0,2,15,0,0,0,14,4,0,,,,,,8,6,2,0,148,90,0.61,18,5,0.28,8,1,1
Pablo ARMERO,WC Players,D,Colombia,5,416,45.9,15.1,15.8,31.9,1,2,2,37,7,3,5,1,7,0.86,0,1,17,1,0,0,8,4,0,0,0,0,1,0,1,1,0,0,202,147,0.73,12,3,0.25,0,45,31
Eugenio MENA,WC Players,D,Chile,4,390,45.9,16.7,16,30.6,,,,,,,,0,8,0.75,0,1,22,2,0,0,5,3,0,,,,,,2,1,1,0,219,155,0.71,19,2,0.11,0,39,26
Xherdan SHAQIRI,WC Players,M,Switzerland,4,387,45.8,15.8,16.4,28.9,3,1,2,43,12,5,22,1,1,,0,0,13,0,0,0,11,17,0,0,0,3,0,0,21,16,5,0,207,155,0.75,15,4,0.27,9,2,1
Angel DI MARIA,WC Players,M,Argentina,5,423,45.8,19.6,13.8,33,1,0,7,63,18,5,17,2,1,1,0,0,9,1,0,0,3,10,0,0,0,1,0,0,25,21,4,1,312,205,0.66,49,11,0.22,17,12,10
Axel WITSEL,WC Players,M,Belgium,4,390,45.7,16.5,15.9,30,,,,,,,,1,7,1,0,0,23,1,0,0,4,12,0,,,,,,9,5,4,0,250,224,0.9,0,0,,0,3,3
Toby ALDERWEIRELD,WC Players,D,Belgium,4,390,45.7,16.7,15.4,29.6,,,,,,,,3,8,0.63,0,2,18,2,0,0,7,6,0,,,,,,2,1,1,0,262,184,0.7,16,3,0.19,0,56,38
Clint DEMPSEY,WC Players,F,USA,4,387,45.4,15.3,16.1,28.8,2,2,2,35,1,2,14,1,7,0.86,0,0,5,0,0,0,5,6,0,0,0,1,0,1,12,9,3,0,133,99,0.74,2,0,,0,0,0
Sofiane FEGHOULI,WC Players,F,Algeria,4,390,45.3,13.4,18.3,31.1,1,0,2,43,1,6,10,1,2,1,0,1,14,0,0,0,5,8,0,2,1,0,1,0,5,2,3,0,134,83,0.62,8,0,,0,2,1
Michael UMANA,WC Players,D,Costa Rica,4,420,45.2,11.3,19.1,29.2,,,,,,,,3,14,0.58,0,1,24,1,0,0,4,2,0,,,,,,,,,,143,119,0.83,0,0,,0,1,1
Daryl JANMAAT,WC Players,D,Netherlands,5,364,44.8,15.9,17.1,30,,,,,,,,2,6,1,0,0,27,0,0,0,8,1,1,,,,,,,,,,207,156,0.75,9,2,0.22,0,35,26
Lucas BIGLIA,WC Players,M,Argentina,7,349,44.7,14.9,18.9,27.4,,,,,,,,2,2,1,0,2,15,1,0,0,6,9,0,,,,,,1,1,0,0,186,153,0.82,0,0,,0,2,2
Per MERTESACKER,WC Players,D,Germany,6,435,44.6,17,14.7,28.1,,,,,,,,1,18,0.84,0,1,35,0,0,0,3,3,0,,,,,,,,,,352,321,0.91,0,0,,0,0,0
Dani ALVES,WC Players,D,Brazil,4,390,44.5,16.3,15.3,28.9,,,,,,,,4,2,1,0,0,18,1,0,0,4,6,0,,,,,,5,2,3,0,309,240,0.78,13,2,0.15,0,51,35
Fernando GAGO,WC Players,M,Argentina,6,373,44.4,18.3,14.1,30.3,,,,,,,,2,1,1,0,0,22,0,0,0,6,11,0,,,,,,2,1,1,0,359,316,0.88,3,0,,1,8,8
Mauricio ISLA,WC Players,D,Chile,4,390,44.4,16.3,15.3,28.7,,,,,,,,3,6,0.84,0,4,22,0,0,0,4,7,0,,,,,,2,1,1,0,264,203,0.77,6,1,0.17,0,56,40
Hector HERRERA,WC Players,M,Mexico,4,346,44.2,14.9,15.5,29.6,,,,,,,,3,5,0.8,0,1,17,0,0,0,7,5,0,,,,,,7,1,6,1,225,163,0.72,12,4,0.33,7,3,0
Ezequiel LAVEZZI,WC Players,F,Argentina,6,358,43.8,17.6,14.8,31.6,,,,,,,,0,2,1,0,0,2,0,0,0,2,12,0,,,,,,5,5,0,0,164,93,0.57,32,5,0.16,14,4,3
Gonzalo JARA,WC Players,D,Chile,4,390,43.7,15.4,14.4,31.2,,,,,,,,1,3,1,0,1,22,0,0,0,7,2,0,,,,,,1,0,1,0,264,217,0.82,3,1,0.33,0,6,6
Vincent KOMPANY,WC Players,D,Belgium,4,390,42.9,14.5,15.6,28.7,,,,,,,,2,10,1,0,2,33,1,0,0,4,1,0,,,,,,2,1,1,0,226,193,0.85,0,0,,0,1,1
DaMarcus BEASLEY,WC Players,D,USA,4,390,42.8,13,18.5,30.2,,,,,,,,0,6,1,0,2,20,0,0,0,4,9,0,,,,,,1,0,1,0,232,179,0.77,10,2,0.2,0,39,20
Edinson CAVANI,WC Players,F,Uruguay,4,360,42.7,12.1,15.3,31,1,5,2,26,2,5,5,0,2,1,0,0,5,0,0,0,8,3,0,1,1,0,1,0,12,5,7,0,110,83,0.75,4,1,0.25,0,1,1
Eden HAZARD,WC Players,M,Belgium,5,368,42.1,16.8,13.2,28.1,,,,,,,,1,0,,0,0,6,1,0,0,6,10,0,,,,,,7,6,1,0,176,132,0.75,5,0,,0,3,3
Juan CUADRADO,WC Players,M,Colombia,5,387,42,13.9,14.6,31.6,1,0,1,40,5,16,17,4,3,0.67,0,2,8,0,0,0,9,19,0,4,1,0,1,0,8,4,4,0,158,109,0.69,12,3,0.25,2,0,0
Valon BEHRAMI,WC Players,M,Switzerland,4,346,41.8,12.7,17.8,31.2,,,,,,,,7,1,1,0,2,22,0,0,0,8,5,0,,,,,,1,1,0,0,173,141,0.82,0,0,,0,0,0
Andres GUARDADO,WC Players,D,Mexico,4,333,41.5,13.9,15.1,30.9,1,0,0,24,5,3,10,1,3,0.34,0,1,10,1,0,0,7,6,0,0,0,1,0,0,6,3,3,0,149,107,0.72,14,3,0.21,6,0,0
Miguel LAYUN,WC Players,D,Mexico,4,360,41.5,13.5,15.4,29.8,,,,,,,,1,5,0.8,0,0,15,0,0,0,1,3,0,,,,,,7,2,5,0,150,101,0.67,13,4,0.31,2,15,9
Raphael VARANE,WC Players,D,France,5,389,41.3,13.6,14.7,32.3,,,,,,,,2,8,0.88,0,5,23,0,0,0,0,1,0,,,,,,1,1,0,0,198,172,0.87,2,0,,0,2,2
Ricardo RODRIGUEZ,WC Players,D,Switzerland,4,390,41.3,14,16.5,30.5,,,,,,,,5,14,0.72,0,3,33,0,0,0,3,5,0,,,,,,3,2,1,0,209,159,0.76,16,4,0.25,5,26,13
Jose CHOLEVAS,WC Players,D,Greece,4,390,41.3,13.1,14.4,30.5,,,,,,,,2,7,0.86,0,0,18,0,0,0,8,6,0,,,,,,3,2,1,1,191,139,0.73,32,7,0.22,6,20,12
Federico FERNANDEZ,WC Players,D,Argentina,4,390,41.2,16,12.9,28.7,,,,,,,,3,9,0.78,0,4,27,0,0,0,4,8,0,,,,,,3,2,1,0,235,205,0.87,0,0,,0,1,1
Paul POGBA,WC Players,M,France,5,354,41.2,15.2,14.2,30.5,1,0,1,34,5,4,3,0,2,0.5,0,0,9,1,0,0,6,10,0,1,0,0,0,1,10,7,3,0,246,197,0.8,6,1,0.17,0,1,0
HULK,WC Players,F,Brazil,6,397,41.2,15.3,13.2,30.3,,,,,,,,0,4,0.75,0,0,8,1,0,0,8,14,0,,,,,,15,8,7,0,140,81,0.58,15,4,0.27,4,4,2
Georgios SAMARAS,WC Players,F,Greece,4,390,41.1,14,13.5,31,1,2,4,34,2,12,23,4,0,,0,0,8,1,0,0,7,21,0,1,1,0,1,0,7,3,4,0,134,93,0.69,9,1,0.11,0,4,1
Vasileios TOROSIDIS,WC Players,D,Greece,4,390,40.9,13.2,14.3,29.8,,,,,,,,4,7,0.86,0,2,20,1,0,0,6,6,0,,,,,,5,1,4,1,193,128,0.66,28,3,0.11,0,28,20
Granit XHAKA,WC Players,F,Switzerland,4,323,40.6,14.4,14.9,27.9,1,1,0,36,1,7,4,1,0,,0,1,3,1,0,0,7,3,0,0,0,1,0,0,11,6,5,0,157,122,0.78,4,0,,2,2,1
Admir MEHMEDI,WC Players,F,Switzerland,4,337,40.3,13.4,15.5,31.6,1,1,3,40,5,3,22,1,1,,0,2,13,0,0,0,3,7,0,0,0,0,0,1,5,4,1,0,174,118,0.68,6,0,,1,11,10
Rafik HALLICHE,WC Players,D,Algeria,4,367,40.1,11.3,16.6,27,1,0,0,30,1,5,0,1,20,0.8,0,1,22,1,0,0,4,0,0,0,0,0,0,1,2,2,0,0,159,119,0.75,1,1,1,0,0,0
Alexis SANCHEZ,WC Players,F,Chile,4,390,40,14.8,12.7,31.1,2,2,6,44,11,3,34,1,0,,0,0,12,0,0,0,7,24,0,1,0,0,2,0,7,4,3,0,177,108,0.61,20,6,0.3,10,0,0
Mathieu DEBUCHY,WC Players,D,France,4,360,39.9,14.3,14.5,29.4,,,,,,,,5,4,0.75,0,2,25,0,0,0,8,4,0,,,,,,4,2,2,0,223,167,0.75,16,1,0.06,0,52,36
Egidio AREVALO,WC Players,M,Uruguay,4,360,39.8,11.1,15.1,27.8,,,,,,,,3,6,0.84,0,0,25,1,0,0,8,6,0,,,,,,2,2,0,0,164,137,0.84,1,0,,0,0,0
Paul AGUILAR,WC Players,D,Mexico,4,360,39.7,12.8,14.4,31.1,,,,,,,,4,5,0.2,0,0,17,2,0,0,7,8,0,,,,,,1,1,0,0,171,116,0.68,9,2,0.22,0,31,14
John Obi MIKEL,WC Players,M,Nigeria,4,360,39.5,13.9,14.6,28.5,,,,,,,,3,6,1,0,2,17,1,0,0,11,7,0,,,,,,3,2,1,0,263,202,0.77,3,1,0.33,1,1,1
Ioannis MANIATIS,WC Players,D,Greece,4,348,39.4,11.9,15.5,30.2,,,,,,,,2,5,0.2,0,2,13,0,0,0,5,6,0,,,,,,2,2,0,0,183,148,0.81,1,1,1,0,4,3
Gary MEDEL,WC Players,D,Chile,4,378,39.3,13.8,13.2,28.9,,,,,,,,4,22,0.96,0,2,36,0,0,0,3,7,0,,,,,,1,0,1,0,309,281,0.91,1,1,1,0,2,2
Joel CAMPBELL,WC Players,F,Costa Rica,5,415,39.3,12.4,14,31.1,1,7,3,44,7,6,15,2,0,,0,0,7,0,0,0,9,20,0,1,0,1,0,0,5,1,4,0,135,91,0.67,5,1,0.2,4,0,0
Carlos SANCHEZ,WC Players,M,Colombia,4,360,38.9,12.4,14.2,30.7,,,,,,,,3,5,1,0,2,8,1,0,0,4,3,0,,,,,,1,1,0,0,122,95,0.78,0,0,,0,1,1
Martin CACERES,WC Players,D,Uruguay,4,360,38.8,11.2,13.7,30.9,,,,,,,,0,7,0.72,0,1,23,1,0,0,6,6,0,,,,,,4,2,2,0,229,176,0.77,10,2,0.2,0,36,12
Nigel DE JONG,WC Players,M,Netherlands,5,341,38.7,12.8,15,28.5,,,,,,,,5,4,0.75,0,1,24,0,0,0,8,5,0,,,,,,2,2,0,0,158,132,0.84,0,0,,0,0,0
Manuel NEUER,WC Players,G,Germany,7,690,38.5,13.7,12.8,30.9,,,,,,,,0,9,0.89,25,0,0,0,0,0,0,2,0,,,,,,,,,,297,244,0.82,0,0,,0,61,41
Emmanuel EMENIKE,WC Players,F,Nigeria,4,360,38.5,14.3,12.6,30.9,,,,,,,,0,1,1,0,0,2,0,0,0,3,3,0,,,,,,11,5,6,0,122,68,0.56,9,1,0.11,0,2,2
Johan DJOUROU,WC Players,D,Switzerland,4,390,38.5,12.2,15.1,29.8,,,,,,,,2,21,0.58,0,7,26,1,0,0,5,3,1,,,,,,,,,,174,154,0.89,1,0,,0,0,0
Francisco RODRIGUEZ,WC Players,D,Mexico,4,360,38.3,12,13.5,27.4,,,,,,,,0,11,0.91,0,2,21,0,0,0,3,0,0,,,,,,,,,,207,162,0.78,0,0,,0,22,12
Efe AMBROSE,WC Players,D,Nigeria,4,360,38.2,13.4,14.2,30.1,,,,,,,,0,15,0.74,0,0,26,0,0,0,1,4,0,,,,,,1,0,1,0,230,177,0.77,14,2,0.14,0,36,22
Mathieu VALBUENA,WC Players,M,France,4,335,38.1,14.9,12.3,29.4,1,2,2,39,17,6,11,2,0,,0,0,9,0,0,0,7,7,0,1,0,0,1,0,8,6,2,0,235,166,0.71,40,13,0.33,26,3,2
Juwon OSHANIWA,WC Players,D,Nigeria,4,360,38.1,14,14.1,28.1,,,,,,,,2,5,1,0,2,18,1,0,0,7,4,0,,,,,,,,,,156,111,0.71,7,2,0.29,0,32,14
Matt BESLER,WC Players,D,USA,4,346,37.9,11.3,15.5,29.1,,,,,,,,2,12,0.5,0,3,26,0,0,0,1,5,0,,,,,,,,,,186,156,0.84,1,1,1,0,3,2
Alejandro BEDOYA,WC Players,M,USA,4,285,37.8,11.9,15.1,32.3,,,,,,,,2,1,,0,1,5,0,0,0,7,1,0,,,,,,3,2,1,0,120,91,0.76,5,0,,3,3,1
Rafael MARQUEZ,WC Players,D,Mexico,4,360,37.4,11.5,13.5,28.9,1,0,0,27,2,8,1,0,13,0.77,0,2,27,2,0,0,3,5,1,1,0,0,0,1,3,1,2,0,225,177,0.79,1,1,1,0,1,0
Sokratis PAPASTATHOPOULOS,WC Players,D,Greece,4,390,37.4,11.3,13.1,31,1,0,0,26,1,5,3,2,14,0.86,0,2,21,1,0,0,5,5,0,0,0,0,1,0,2,1,1,0,160,128,0.8,0,0,,0,2,0
Mario YEPES,WC Players,D,Colombia,4,360,37.3,10.9,12.8,31.6,,,,,,,,3,13,0.85,0,4,22,1,0,0,2,2,0,,,,,,2,1,1,0,126,102,0.81,0,0,,0,0,0
Oscar DUARTE,WC Players,D,Costa Rica,4,336,37.2,10.4,14.3,29.1,1,0,0,18,0,8,1,3,1,1,0,2,18,0,1,0,9,2,0,0,0,0,0,1,3,2,1,0,179,146,0.82,2,0,,0,1,1
Jasper CILLESSEN,WC Players,G,Netherlands,7,690,37.1,13.5,12.4,22.3,,,,,,,,0,5,1,18,0,0,0,0,0,0,1,0,,,,,,,,,,239,167,0.7,0,0,,0,66,32
Cristian ZAPATA,WC Players,D,Colombia,4,360,36.9,10.9,12.4,31.4,,,,,,,,1,7,0.72,0,4,24,0,0,0,4,4,0,,,,,,2,1,1,0,135,108,0.8,0,0,,0,4,1
Cristian RODRIGUEZ,WC Players,M,Uruguay,4,334,36.6,10.3,12.9,32,,,,,,,,1,7,0.86,0,0,11,0,0,0,5,10,0,,,,,,4,2,2,0,147,102,0.69,3,1,0.33,1,0,0
Juan ZUNIGA,WC Players,D,Colombia,4,360,36.5,11.8,12.2,30.5,,,,,,,,1,3,1,0,0,17,0,0,0,4,14,0,,,,,,2,1,1,0,203,150,0.74,3,1,0.33,0,34,17
Yohan CABAYE,WC Players,M,France,4,318,36.5,12.7,13.9,28,,,,,,,,3,5,0.6,0,2,24,2,0,0,9,3,0,,,,,,5,0,5,2,225,194,0.86,3,2,0.67,0,1,0
Ogenyi ONAZI,WC Players,M,Nigeria,4,329,36.5,12.8,14.5,30.9,,,,,,,,2,2,1,0,0,27,0,0,0,7,6,0,,,,,,12,6,6,0,239,193,0.81,5,2,0.4,0,1,0
Mario GOETZE,WC Players,F,Germany,6,258,36.3,16.3,11.8,29.2,2,0,7,30,1,4,8,2,2,0.5,0,0,8,0,0,0,6,4,0,0,0,2,0,0,9,7,2,0,153,111,0.73,7,3,0.43,0,1,1
Patrice EVRA,WC Players,D,France,4,360,36.3,12.6,12.9,29.2,,,,,,,,2,3,1,0,0,20,1,0,0,5,6,0,,,,,,1,0,1,0,206,149,0.72,12,5,0.42,0,33,19
Diego GODIN,WC Players,D,Uruguay,4,360,36.2,9.4,12.9,30.9,1,1,1,18,2,10,1,2,12,0.67,0,3,26,1,0,0,6,9,0,0,0,0,0,1,2,1,1,0,128,100,0.78,0,0,,0,0,0
Islam SLIMANI,WC Players,F,Algeria,4,324,35.9,10.8,13.7,30,2,2,2,38,0,3,8,0,3,0.67,0,1,3,0,0,0,8,2,0,1,0,1,0,1,9,7,2,0,98,62,0.63,1,0,,0,0,0
Victor FAYZULIN,WC Players,M,Russia,3,270,35.8,13.5,13.3,29.1,,,,,,,,0,2,1,0,0,9,0,0,0,1,7,0,,,,,,4,3,1,0,172,139,0.81,7,3,0.43,0,3,3
Kenneth OMERUO,WC Players,D,Nigeria,4,360,35.7,11.8,13.9,30.7,,,,,,,,3,14,1,0,3,29,1,0,0,3,3,0,,,,,,,,,,179,144,0.8,0,0,,0,2,0
Konstantinos MANOLAS,WC Players,D,Greece,4,390,35.7,10.2,12.9,30.5,,,,,,,,1,11,0.82,0,3,18,1,0,0,6,6,0,,,,,,1,0,1,0,128,108,0.84,0,0,,0,1,1
Antoine GRIEZMANN,WC Players,F,France,5,295,35.6,15.1,10.8,29.4,,,,,,,,,,,,,,0,0,0,3,4,0,,,,,,7,4,3,1,135,97,0.72,16,9,0.56,7,1,1
Geoff CAMERON,WC Players,D,USA,3,300,35.6,11.4,13.3,27.6,,,,,,,,1,6,0.67,0,7,21,1,0,0,3,4,0,,,,,,,,,,174,122,0.7,2,1,0.5,0,0,0
Mile JEDINAK,WC Players,M,Australia,3,270,35.4,11.1,15.5,29.1,1,0,0,18,0,4,1,2,0,,0,0,18,2,0,0,6,4,0,0,1,0,1,0,2,2,0,0,159,125,0.79,0,0,,0,2,1
Alexander KOKORIN,WC Players,F,Russia,3,270,35.3,13.3,12.7,29,1,1,0,21,1,3,5,1,1,1,0,0,4,0,0,0,9,2,0,0,0,0,0,1,8,3,5,0,80,56,0.7,2,1,0.5,0,0,0
Fabian JOHNSON,WC Players,D,USA,4,302,34.9,10.6,15,33,,,,,,,,0,4,0.75,0,2,10,0,0,0,1,4,0,,,,,,2,1,1,0,135,97,0.72,5,0,,0,31,18
Muhamed BESIC,WC Players,D,Bosnia-Hercegovina,3,270,34.9,13.4,13.3,31.2,,,,,,,,4,3,0.34,0,0,21,1,0,0,10,2,0,,,,,,4,1,3,0,245,212,0.87,0,0,,0,0,0
FERNANDINHO,WC Players,M,Brazil,5,296,34.8,11.6,12,30.5,1,0,0,20,3,17,2,7,9,0.67,0,1,28,1,0,0,14,7,0,0,0,0,1,0,4,2,2,0,155,131,0.85,3,1,0.33,0,0,0
KOO Jacheol,WC Players,F,South Korea,3,270,34.7,12.7,11.7,28,1,2,2,22,3,8,7,1,2,1,0,0,7,1,0,0,5,6,0,0,0,1,0,0,6,5,1,0,127,96,0.76,0,0,,0,2,2
Miralem PJANIC,WC Players,M,Bosnia-Hercegovina,3,270,34.5,14.4,12,28.7,1,1,0,20,9,2,6,1,0,,0,0,9,0,0,0,2,7,0,1,0,0,1,0,7,6,1,0,227,190,0.84,17,10,0.59,13,3,3
Nabil BENTALEB,WC Players,M,Algeria,3,270,34.3,10.7,14.4,31,,,,,,,,2,3,0.67,0,1,16,1,0,0,3,1,0,,,,,,2,1,1,0,138,112,0.81,3,0,,0,0,0
Ahmed MUSA,WC Players,F,Nigeria,4,335,34.2,12.6,12.5,31.2,2,1,4,30,2,5,9,3,0,,0,0,8,0,0,0,3,2,0,0,0,0,2,0,8,7,1,0,93,42,0.45,21,2,0.1,12,2,1
Yuto NAGATOMO,WC Players,D,Japan,3,270,33.7,13.2,11.1,31.1,,,,,,,,0,1,,0,0,11,0,0,0,5,1,0,,,,,,2,2,0,0,162,117,0.72,16,5,0.31,2,28,16
Graham ZUSI,WC Players,M,USA,4,259,33.7,11.4,13.8,30.1,,,,,,,,3,2,1,0,0,7,0,0,0,2,3,0,,,,,,2,1,1,0,133,91,0.68,14,3,0.21,11,4,3
Kyle BECKERMAN,WC Players,M,USA,3,270,33.4,9.6,14.9,26.3,,,,,,,,8,6,0.84,0,0,14,1,0,0,6,4,0,,,,,,1,1,0,0,152,135,0.89,0,0,,0,0,0
Alexander SAMEDOV,WC Players,M,Russia,3,270,33.3,12.5,12.2,29.8,,,,,,,,0,0,,0,0,8,0,0,0,1,6,0,,,,,,2,1,1,0,158,100,0.63,24,3,0.13,4,11,9
Peter ODEMWINGIE,WC Players,F,Nigeria,4,281,33.1,11.3,12.2,31.6,1,0,0,29,3,9,7,5,6,0.84,0,0,10,0,0,0,8,4,0,0,0,0,1,0,7,5,2,0,134,101,0.75,13,3,0.23,6,1,1
Joao MOUTINHO,WC Players,M,Portugal,3,270,32.9,11.5,12.2,27,,,,,,,,1,1,,0,1,14,1,0,0,6,5,0,,,,,,2,0,2,0,223,190,0.85,8,1,0.13,7,1,0
RAMIRES,WC Players,M,Brazil,7,247,32.9,12.1,11.7,31.1,,,,,,,,1,3,1,0,0,5,1,0,0,9,6,0,,,,,,6,4,2,0,91,64,0.7,5,0,,1,0,0
Andranik TIMOTIAN,WC Players,M,Iran,3,270,32.8,7.5,15.9,30.2,,,,,,,,4,4,0.25,0,0,18,1,0,0,12,3,0,,,,,,2,1,1,0,104,72,0.69,5,1,0.2,3,3,3
Mathew LECKIE,WC Players,F,Australia,3,270,32.8,10.2,14.3,31.4,,,,,,,,1,0,,0,1,13,0,0,0,4,5,0,,,,,,5,3,2,0,106,79,0.75,5,2,0.4,0,2,2
Jason DAVIDSON,WC Players,D,Australia,3,270,32.8,10.6,14.7,30.9,,,,,,,,0,1,1,0,4,16,0,0,0,7,5,0,,,,,,,,,,172,116,0.67,13,4,0.31,0,32,17
Dmitry KOMBAROV,WC Players,D,Russia,3,270,32.8,11.9,11.8,30.2,,,,,,,,0,6,1,0,0,17,1,0,0,4,5,0,,,,,,2,2,0,0,183,117,0.64,27,6,0.22,12,27,25
Javad NEKOUNAM,WC Players,M,Iran,3,270,32.6,7.8,15,27.2,,,,,,,,0,11,0.82,0,1,19,1,0,0,2,2,0,,,,,,,,,,102,71,0.7,2,0,,0,0,0
Carl MEDJANI,WC Players,D,Algeria,3,264,32.6,9.5,14.1,27.2,,,,,,,,1,6,0.84,0,0,12,0,0,0,8,3,0,,,,,,2,0,2,0,93,64,0.69,1,0,,0,0,0
KI Sungyueng,WC Players,M,South Korea,3,270,32.5,11.5,11.6,27.9,,,,,,,,2,3,0.67,0,1,13,1,0,0,5,6,0,,,,,,7,5,2,0,220,175,0.8,17,4,0.24,10,4,2
Aissa MANDI,WC Players,D,Algeria,3,300,32.4,9.4,13.7,27.8,,,,,,,,3,6,1,0,1,15,0,0,0,4,3,0,,,,,,,,,,127,91,0.72,4,1,0.25,0,36,33
Hector MORENO,WC Players,D,Mexico,4,316,32.3,10.2,11.8,29.4,,,,,,,,3,8,0.88,0,3,22,1,0,0,4,1,0,,,,,,,,,,183,139,0.76,2,0,,0,10,7
NANI,WC Players,F,Portugal,3,270,32.3,12.5,11.4,29.8,1,0,3,45,9,5,6,1,1,1,0,0,13,0,0,0,5,2,0,0,0,0,1,0,12,6,6,1,168,110,0.65,20,3,0.15,6,7,5
Teofilo GUTIERREZ,WC Players,F,Colombia,4,304,32.2,10.7,10.1,30.7,1,2,1,28,2,2,3,0,1,1,0,1,2,0,0,0,7,2,0,1,0,1,0,0,5,3,2,0,101,58,0.57,1,0,,0,1,1
Alvaro GONZALEZ,WC Players,M,Uruguay,4,266,32.1,9.5,12.5,29.4,,,,,,,,0,3,1,0,0,12,0,0,0,4,2,0,,,,,,3,3,0,0,119,87,0.73,7,2,0.29,0,5,3
Matteo DARMIAN,WC Players,D,Italy,3,270,32.1,12.7,11.3,29.1,,,,,,,,0,8,1,0,0,7,0,0,0,4,4,0,,,,,,3,2,1,0,121,102,0.84,3,1,0.33,0,17,14
Reza GHOOCHANNEJAD,WC Players,F,Iran,3,270,32,7.9,13.9,30.1,1,3,1,33,1,3,7,0,2,1,0,0,6,0,0,0,17,10,0,0,0,0,1,0,10,6,4,0,67,39,0.58,1,0,,0,0,0
Cristhian NOBOA,WC Players,M,Ecuador,3,269,32,10.1,13,27.4,,,,,,,,5,4,1,0,5,15,0,0,0,6,1,0,,,,,,5,4,1,0,126,84,0.67,1,0,,0,0,0
Sergio AGUERO,WC Players,F,Argentina,5,313,32,13.1,10.3,31.1,,,,,,,,0,0,,0,0,3,1,0,0,4,3,0,,,,,,7,4,3,0,90,47,0.52,7,0,,0,2,2
LEE Yong,WC Players,D,South Korea,3,270,31.9,11.8,11.3,29.4,,,,,,,,2,4,1,0,2,18,1,0,0,4,2,0,,,,,,1,1,0,0,187,121,0.65,3,1,0.33,0,31,24
Vasily BEREZUTSKIY,WC Players,D,Russia,3,270,31.8,11,11.6,28.5,,,,,,,,0,5,1,0,2,19,0,0,0,1,1,0,,,,,,1,0,1,0,198,163,0.82,1,0,,0,0,0
Jordi ALBA,WC Players,D,Spain,3,270,31.8,13.7,10.4,31.6,,,,,,,,,,,,,,0,0,0,1,3,0,,,,,,3,1,2,0,238,194,0.82,7,1,0.14,0,34,19
Francisco SILVA,WC Players,M,Chile,3,280,31.8,10.8,11.2,29.1,,,,,,,,2,8,1,0,1,20,2,0,0,10,9,0,,,,,,,,,,174,139,0.8,0,0,,0,1,1
Ivan RAKITIC,WC Players,M,Croatia,3,270,31.8,11.1,11.2,29.6,,,,,,,,4,1,1,0,2,21,1,0,0,5,0,0,,,,,,2,1,1,0,179,149,0.83,12,5,0.42,7,1,0
Eyong ENOH,WC Players,M,Cameroon,3,270,31.8,9.4,12.5,28.3,,,,,,,,1,0,,0,0,9,1,0,0,8,4,0,,,,,,5,3,2,0,91,73,0.8,1,1,1,0,0,0
Eduardo VARGAS,WC Players,F,Chile,4,311,31.7,11.5,10.7,29.1,1,1,1,23,1,0,6,,,,,,,0,0,0,0,1,0,2,0,0,1,0,4,3,1,0,85,61,0.72,1,0,,0,1,1
Matthew SPIRANOVIC,WC Players,D,Australia,3,270,31.6,9.8,14,26.6,,,,,,,,0,10,0.9,0,2,18,1,0,0,5,3,0,,,,,,2,1,1,0,139,123,0.88,0,0,,0,0,0
Stephane MBIA,WC Players,M,Cameroon,3,270,31.5,8.9,12,29.8,,,,,,,,0,1,1,0,0,13,1,0,0,5,7,0,,,,,,4,0,4,0,152,122,0.8,3,1,0.33,0,10,9
Giovani DOS SANTOS,WC Players,F,Mexico,4,297,31.4,11.3,10.6,32.5,1,2,1,16,2,1,6,0,0,,0,0,3,0,0,0,3,6,0,0,0,1,0,0,6,6,0,0,99,76,0.77,4,0,,1,1,0
Andrea PIRLO,WC Players,M,Italy,3,270,31.4,12.9,10.4,24.1,,,,,,,,1,0,,0,1,13,0,0,0,2,10,0,,,,,,5,2,3,1,276,249,0.9,5,0,,5,0,0
Martin DEMICHELIS,WC Players,D,Argentina,3,330,31.3,9.4,12.8,28.9,,,,,,,,1,10,0.9,0,1,34,1,0,0,4,2,0,,,,,,,,,,172,148,0.86,0,0,,0,0,0
Emir SPAHIC,WC Players,D,Bosnia-Hercegovina,3,270,31.3,11.8,11.5,29.6,,,,,,,,5,8,0.88,0,3,30,1,0,0,3,3,0,,,,,,,,,,190,164,0.86,1,0,,0,3,3
Keisuke HONDA,WC Players,M,Japan,3,270,31.1,11.8,10.3,30.3,1,0,1,25,5,2,13,0,2,1,0,1,4,0,0,0,2,10,0,1,0,1,0,0,11,9,2,0,178,125,0.7,12,0,,13,4,2
YUN Sukyoung,WC Players,D,South Korea,3,270,31.1,11.1,11,30.5,,,,,,,,0,4,1,0,2,17,0,0,0,3,5,0,,,,,,,,,,146,101,0.69,4,0,,0,20,19
Jose VAZQUEZ,WC Players,M,Mexico,3,270,31,9.9,11.4,28.1,,,,,,,,0,1,1,0,1,9,2,0,0,6,3,0,,,,,,3,0,3,0,140,128,0.91,0,0,,0,0,0
Georgios KARAGOUNIS,WC Players,M,Greece,4,259,31,9.5,11.2,24.9,,,,,,,,5,2,0.5,0,1,13,0,0,0,6,9,0,,,,,,7,5,2,1,146,121,0.83,19,5,0.26,14,1,1
Oribe PERALTA,WC Players,F,Mexico,4,302,30.9,10.4,10,28.2,1,4,1,24,0,7,10,2,2,1,0,0,5,0,0,0,6,4,0,1,0,1,0,0,5,3,2,0,86,61,0.71,1,0,,0,0,0
Joseph YOBO,WC Players,D,Nigeria,4,331,30.9,9.8,11.6,28.3,,,,,,,,2,18,0.84,0,0,16,0,0,0,2,1,0,,,,,,,,,,121,105,0.87,0,0,,0,0,0
Alex WILKINSON,WC Players,D,Australia,3,270,30.8,9,13.9,26.5,,,,,,,,0,7,1,0,2,10,0,0,0,4,0,0,,,,,,,,,,145,120,0.83,0,0,,0,0,0
Darijo SRNA,WC Players,D,Croatia,3,270,30.7,10.1,11.1,33,,,,,,,,1,2,1,0,1,8,0,0,0,4,3,0,,,,,,4,2,2,0,152,97,0.64,17,5,0.29,4,31,17
Giorgio CHIELLINI,WC Players,D,Italy,3,270,30.7,11.5,10.8,30.3,,,,,,,,3,8,0.88,0,1,23,0,0,0,1,9,0,,,,,,1,0,1,0,206,187,0.91,1,0,,0,9,4
Miroslav KLOSE,WC Players,F,Germany,5,280,30.6,12.3,9.8,29,2,1,1,34,0,6,9,2,1,,0,1,9,0,0,0,8,5,0,0,0,0,2,0,7,5,2,0,83,44,0.53,3,1,0.33,0,1,0
Andres INIESTA,WC Players,M,Spain,3,270,30.5,13.3,9.6,25.6,,,,,,,,,,,,,,0,0,0,3,8,0,,,,,,4,3,1,0,239,195,0.82,5,2,0.4,2,1,1
Andre AYEW,WC Players,M,Ghana,3,261,30.5,11.4,10.5,31,2,0,1,17,0,3,2,1,0,,0,0,7,0,0,0,2,4,0,0,0,1,0,1,5,4,1,0,88,64,0.73,1,0,,0,2,1
Divock ORIGI,WC Players,M,Belgium,5,245,30.4,11.5,9.7,30.7,1,4,4,23,2,1,7,0,0,,0,0,2,0,0,0,5,3,0,0,0,0,1,0,11,9,2,1,60,37,0.62,2,1,0.5,0,0,0
LEE Chungyong,WC Players,M,South Korea,3,244,30.3,11,10.4,29.1,,,,,,,,1,0,,0,1,8,0,0,0,3,3,0,,,,,,3,1,2,0,123,95,0.77,12,3,0.25,3,4,4
Sergey IGNASHEVICH,WC Players,D,Russia,3,270,30.3,10.6,11.2,28,,,,,,,,1,4,0.75,0,4,20,0,0,0,2,3,0,,,,,,2,1,1,0,198,151,0.76,0,0,,0,0,0
Pejman MONTAZERI,WC Players,D,Iran,3,270,30.2,7.3,13.7,31.2,,,,,,,,1,6,0.67,0,1,19,0,0,0,3,2,0,,,,,,,,,,120,89,0.74,4,3,0.75,0,24,11
Dries MERTENS,WC Players,F,Belgium,5,269,30.2,11,9.5,29.8,1,2,7,26,7,3,4,0,1,1,0,0,7,0,0,0,6,5,0,0,0,0,1,0,11,6,5,0,133,67,0.5,39,8,0.21,15,3,2
Andrea BARZAGLI,WC Players,D,Italy,3,270,30.1,11.1,10.7,29.1,,,,,,,,0,3,1,0,2,18,0,0,0,3,1,0,,,,,,1,1,0,0,211,189,0.9,0,0,,0,1,1
Gary CAHILL,WC Players,D,England,3,270,29.9,10.7,10.3,29.4,,,,,,,,1,12,0.84,0,1,17,0,0,0,3,4,0,,,,,,,,,,159,139,0.87,0,0,,0,0,0
Atsuto UCHIDA,WC Players,D,Japan,3,270,29.8,11.3,10.2,30,,,,,,,,3,2,1,0,0,18,0,0,0,1,3,0,,,,,,3,1,2,0,131,96,0.73,11,3,0.27,0,16,7
MAICON,WC Players,D,Brazil,3,270,29.8,10.8,10.3,30.5,,,,,,,,0,1,1,0,0,11,0,0,0,2,4,0,,,,,,2,1,1,0,161,130,0.81,5,0,,0,23,21
Sergio RAMOS,WC Players,D,Spain,3,270,29.7,12.1,9.9,29.4,,,,,,,,1,5,0.8,0,1,21,1,0,0,4,3,0,,,,,,6,3,3,0,207,174,0.84,0,0,,0,0,0
Jonathan MENSAH,WC Players,D,Ghana,3,270,29.7,9.7,11.2,28.5,,,,,,,,2,6,0.84,0,1,22,0,0,0,1,1,0,,,,,,3,0,3,0,147,122,0.83,0,0,,0,1,1
Brayan BECKELES,WC Players,D,Honduras,3,270,29.7,10,11.6,28.8,,,,,,,,6,3,1,0,1,16,0,0,0,3,1,0,,,,,,4,1,3,0,139,104,0.75,6,2,0.33,0,24,17
Kwadwo ASAMOAH,WC Players,M,Ghana,3,270,29.6,10.3,10.9,30.9,,,,,,,,2,5,1,0,1,24,0,0,0,1,6,0,,,,,,3,2,1,0,189,150,0.79,9,5,0.56,3,27,15
Yaya TOURE,WC Players,M,Ivory Coast,3,270,29.6,12.2,8.9,30.7,,,,,,,,0,0,,0,0,8,0,0,0,1,4,0,,,,,,9,6,3,0,173,137,0.79,11,3,0.27,6,1,1
Christian ATSU,WC Players,M,Ghana,3,240,29.6,10.8,10.5,30.3,,,,,,,,0,1,1,0,0,7,0,0,0,4,1,0,,,,,,9,4,5,0,127,84,0.66,11,3,0.27,5,9,3
Bruno ALVES,WC Players,D,Portugal,3,270,29.4,10,11.4,27.8,,,,,,,,2,6,0.5,0,3,16,0,0,0,5,1,0,,,,,,,,,,145,122,0.84,0,0,,0,0,0
Mohammed RABIU,WC Players,M,Ghana,3,225,29.4,9.8,11.6,29.1,,,,,,,,0,1,,0,0,11,1,0,0,8,2,0,,,,,,,,,,99,77,0.78,0,0,,0,0,0
John BOYE,WC Players,D,Ghana,3,270,29.3,9.4,11.4,30.2,,,,,,,,0,7,0.86,0,3,20,0,0,0,1,1,0,,,,,,2,0,2,0,99,81,0.82,0,0,,0,0,0
Maya YOSHIDA,WC Players,D,Japan,3,270,29.2,10.2,10,29.2,,,,,,,,1,8,0.88,0,3,21,1,0,0,5,5,0,,,,,,2,1,1,0,169,138,0.82,2,0,,0,1,0
Ivan PERISIC,WC Players,M,Croatia,3,258,29.2,9.7,9.6,31.8,2,0,5,23,2,4,7,0,4,1,0,0,7,0,0,0,3,5,0,1,0,2,0,0,11,6,5,0,83,50,0.6,10,1,0.1,0,2,0
Josip DRMIC,WC Players,F,Switzerland,4,251,29.1,10,10.2,31.2,,,,,,,,,,,,,,0,0,0,4,6,0,,,,,,5,4,1,0,42,29,0.69,3,1,0.33,0,0,0
Juan PAREDES,WC Players,D,Ecuador,3,270,29,9.3,11.7,31.2,,,,,,,,3,4,1,0,2,15,1,0,0,3,5,0,,,,,,,,,,109,83,0.76,8,2,0.25,0,30,15
Luka MODRIC,WC Players,M,Croatia,3,270,28.9,9.9,10,27.9,,,,,,,,2,4,1,0,1,12,0,0,0,2,7,0,,,,,,2,2,0,0,159,135,0.85,5,3,0.6,0,0,0
Abel AGUILAR,WC Players,M,Colombia,3,238,28.8,9.4,10.3,27.2,,,,,,,,1,3,1,0,1,12,0,0,0,6,3,0,,,,,,1,0,1,0,121,100,0.83,0,0,,0,1,1
Serge AURIER,WC Players,D,Ivory Coast,3,270,28.8,10.5,9.3,33.5,,,,,,,,3,4,0.75,0,1,14,0,0,0,4,5,0,,,,,,3,3,0,0,162,118,0.73,18,3,0.17,3,30,19
Arturo VIDAL,WC Players,M,Chile,3,235,28.6,10.9,10.2,27.4,,,,,,,,1,0,,0,0,10,1,0,0,8,9,0,,,,,,1,0,1,0,126,97,0.77,2,2,1,0,3,3
Ivica OLIC,WC Players,F,Croatia,3,228,28.6,9.2,9.7,29.8,1,0,1,34,1,10,5,3,1,1,0,0,9,0,0,0,6,0,0,0,0,1,0,0,5,3,2,0,73,38,0.52,14,1,0.07,0,0,0
Andre SCHUERRLE,WC Players,F,Germany,6,244,28.6,11.5,9.3,30.2,3,2,2,32,4,4,6,1,0,,0,0,5,0,0,0,7,2,0,1,0,2,1,0,15,13,2,0,157,103,0.66,10,1,0.1,0,1,1
Ehsan HAJI SAFI,WC Players,D,Iran,3,241,28.5,6.9,13.3,28.9,,,,,,,,0,3,1,0,0,8,,,,,,,,,,,,5,3,2,0,76,45,0.59,8,3,0.38,1,2,0
KIM Younggwon,WC Players,D,South Korea,3,270,28.5,9.6,10,26.2,,,,,,,,0,10,1,0,3,21,0,0,0,2,5,0,,,,,,2,1,1,0,155,135,0.87,1,1,1,0,0,0
Jonathan DE GUZMAN,WC Players,M,Netherlands,3,230,28.5,9.9,11.2,28.7,,,,,,,,,,,,,,2,0,0,8,0,0,,,,,,1,0,1,0,95,74,0.78,3,1,0.33,0,0,0
Joao PEREIRA,WC Players,D,Portugal,3,241,28.4,10.5,11,26.9,,,,,,,,1,1,1,0,0,8,1,0,0,2,1,1,,,,,,,,,,134,105,0.78,7,1,0.14,0,21,8
Edin DZEKO,WC Players,F,Bosnia-Hercegovina,3,264,28.2,11.8,9.1,29.4,1,3,1,26,1,0,11,,,,,,,0,0,0,5,5,0,0,0,1,0,0,12,8,4,0,77,52,0.68,0,0,,0,0,0
Asamoah GYAN,WC Players,F,Ghana,3,270,28.2,10.3,9.1,32.3,2,5,3,32,2,0,4,,,,,,,0,0,0,3,8,0,1,0,0,1,1,18,7,11,0,68,37,0.54,4,1,0.25,0,0,0
CRISTIANO RONALDO,WC Players,F,Portugal,3,270,28.2,11.2,9.1,31.2,1,3,1,33,2,1,10,0,0,,0,1,6,0,0,0,2,10,0,1,0,1,0,0,23,14,9,1,112,82,0.73,2,0,,1,1,1
Amirhossein SADEGHI,WC Players,D,Iran,3,270,28,6.4,12.5,25.8,,,,,,,,1,17,0.83,0,2,15,0,0,0,2,1,0,,,,,,,,,,61,51,0.84,0,0,,0,0,0
Mamadou SAKHO,WC Players,D,France,4,289,28,9.9,9.6,29.2,,,,,,,,1,7,0.72,0,3,20,0,0,0,0,1,0,,,,,,1,0,1,0,203,182,0.9,0,0,,0,1,0
Mehrdad POOLADI,WC Players,D,Iran,3,270,27.9,6.8,12.9,29.2,,,,,,,,5,8,1,0,2,14,0,0,0,2,6,0,,,,,,,,,,81,54,0.67,6,2,0.33,0,21,14
SON Heungmin,WC Players,M,South Korea,3,247,27.8,10.1,9.6,28.5,1,0,1,28,4,0,9,,,,,,,1,0,0,3,5,0,0,0,1,0,0,5,3,2,0,95,61,0.64,8,4,0.5,5,4,2
Kevin MIRALLAS,WC Players,M,Belgium,4,223,27.8,9.9,9.6,29.4,,,,,,,,1,1,1,0,0,5,0,0,0,4,1,0,,,,,,6,4,2,1,79,51,0.65,10,3,0.3,7,3,3
Walter AYOVI,WC Players,D,Ecuador,3,270,27.7,8.4,11.2,30.3,,,,,,,,0,6,0.67,0,1,17,0,0,0,4,1,0,,,,,,3,1,2,0,166,128,0.77,19,4,0.21,6,29,14
Oleg SHATOV,WC Players,M,Russia,3,209,27.7,10.5,10.6,28.9,,,,,,,,0,1,,0,0,11,1,0,0,2,2,0,,,,,,2,1,1,0,92,70,0.76,3,2,0.67,0,0,0
Shinji OKAZAKI,WC Players,F,Japan,3,249,27.7,10.1,9.3,30.1,1,0,0,20,0,3,5,2,2,0.5,0,0,5,0,0,0,8,7,0,0,0,0,0,1,2,1,1,0,58,35,0.6,0,0,,0,0,0
Jalal HOSSEINI,WC Players,D,Iran,3,270,27.6,6.3,12.5,30.2,,,,,,,,2,10,1,0,0,14,,,,,,,,,,,,2,0,2,0,57,36,0.63,0,0,,0,6,1
Ismael TIOTE,WC Players,M,Ivory Coast,3,241,27.4,10.6,9.1,29.8,,,,,,,,4,2,1,0,1,17,1,0,0,5,3,0,,,,,,3,2,1,0,184,155,0.84,3,1,0.33,0,0,0
Dejan LOVREN,WC Players,D,Croatia,3,270,27.4,8.7,9.3,31.8,,,,,,,,0,4,1,0,1,16,1,0,0,5,2,1,,,,,,1,0,1,0,116,100,0.86,0,0,,0,0,0
Jose GIMENEZ,WC Players,D,Uruguay,3,270,27.3,6.9,10.4,31.1,,,,,,,,1,7,0.86,0,3,15,1,0,0,5,4,0,,,,,,1,0,1,0,90,59,0.66,0,0,,0,8,3
Frickson ERAZO,WC Players,D,Ecuador,3,270,27.1,8,10.9,27.2,,,,,,,,0,8,0.88,0,3,16,1,0,0,1,0,0,,,,,,2,0,2,0,105,68,0.65,0,0,,0,1,1
HAN Kookyoung,WC Players,M,South Korea,3,214,27,9.2,9.8,26.9,,,,,,,,4,0,,0,1,14,1,0,0,3,2,0,,,,,,,,,,112,92,0.82,2,0,,0,0,0
Enner VALENCIA,WC Players,F,Ecuador,3,270,27,8.8,9.4,30.2,3,3,1,24,1,3,12,0,2,1,0,0,7,1,0,0,6,7,0,0,0,1,0,2,8,5,3,0,76,43,0.57,2,0,,0,2,1
Miguel VELOSO,WC Players,M,Portugal,3,226,26.9,9.5,10.3,30.1,,,,,,,,1,1,1,0,1,14,0,0,0,1,3,0,,,,,,2,2,0,0,161,124,0.77,18,8,0.44,3,15,13
Daniel STURRIDGE,WC Players,F,England,3,260,26.9,11,8.2,29.9,1,2,1,22,2,1,5,0,0,,0,0,4,0,0,0,2,7,0,0,0,0,1,0,12,6,6,0,78,53,0.68,3,1,0.33,0,0,0
Maximiliano PEREIRA,WC Players,D,Uruguay,3,224,26.8,8.7,8.9,27.4,,,,,,,,1,2,1,0,0,14,0,0,1,3,6,0,,,,,,1,1,0,0,141,99,0.7,10,1,0.1,0,33,18
Dimitrios SALPINGIDIS,WC Players,F,Greece,4,225,26.4,8.8,9,30.7,,,,,,,,1,0,,0,0,4,1,0,0,4,6,0,,,,,,3,3,0,0,67,40,0.6,6,0,,0,0,0
Maynor FIGUEROA,WC Players,D,Honduras,3,270,26.3,8.2,10.6,31.6,,,,,,,,2,5,0.8,0,1,25,1,0,0,8,5,0,,,,,,5,1,4,0,178,130,0.73,1,0,,0,1,1
JULIO CESAR,WC Players,G,Brazil,7,660,26.3,8.2,7.2,24.7,,,,,,,,1,3,1,10,0,0,1,0,0,1,1,1,,,,,,,,,,172,130,0.76,0,0,,0,52,27
Antonio VALENCIA,WC Players,M,Ecuador,3,230,26.3,8.7,9.9,29.8,,,,,,,,1,1,1,0,0,4,1,0,1,11,2,0,,,,,,2,2,0,0,95,67,0.71,8,1,0.13,6,2,1
Vedran CORLUKA,WC Players,D,Croatia,3,270,26.3,8.3,9.3,28.3,,,,,,,,1,9,1,0,7,9,1,0,0,3,3,0,,,,,,1,0,1,0,124,107,0.86,1,1,1,0,2,2
GERVINHO,WC Players,F,Ivory Coast,3,263,26.1,10.3,7.8,32.3,2,4,7,21,2,1,8,0,0,,0,1,7,0,0,0,1,4,0,1,0,0,1,1,6,6,0,0,95,68,0.72,1,0,,0,2,0
HONG Jeongho,WC Players,D,South Korea,3,253,26.1,8.6,9.3,31.8,,,,,,,,0,7,0.86,0,1,21,1,0,0,1,1,0,,,,,,1,1,0,0,149,120,0.81,0,0,,0,0,0
Benjamin MOUKANDJO,WC Players,F,Cameroon,3,238,26.1,7.9,9.6,30.7,,,,,,,,0,1,1,0,0,4,0,0,0,3,4,0,,,,,,4,2,2,0,86,42,0.49,14,3,0.21,8,0,0
Tommy OAR,WC Players,M,Australia,3,206,26.1,7.7,12.2,31.9,,,,,,,,0,1,1,0,0,5,0,0,0,1,5,0,,,,,,2,0,2,0,56,26,0.46,14,2,0.14,3,0,0
Claudio MARCHISIO,WC Players,M,Italy,3,218,26,10.7,8.8,27.4,1,2,0,23,4,5,2,1,3,0.34,0,0,4,0,0,1,7,5,0,0,0,0,1,0,2,2,0,0,105,82,0.78,1,1,1,0,1,1
Enzo PEREZ,WC Players,M,Argentina,3,224,26,8.9,10.6,31.2,,,,,,,,0,0,,0,1,6,0,0,0,0,3,0,,,,,,1,0,1,0,104,83,0.8,2,1,0.5,0,1,1
Matt McKAY,WC Players,M,Australia,2,180,26,9.1,10.9,30.7,,,,,,,,1,0,,0,0,12,0,0,0,3,2,0,,,,,,1,0,1,0,107,85,0.79,2,1,0.5,0,0,0
Moussa SISSOKO,WC Players,M,France,4,214,25.8,9.9,8.9,32.3,1,1,0,19,3,2,2,0,0,,0,0,8,0,0,0,4,2,0,0,0,0,1,0,3,2,1,0,112,89,0.79,9,3,0.33,0,3,3
Denis GLUSHAKOV,WC Players,M,Russia,3,208,25.8,9.1,9.9,29.2,,,,,,,,1,1,1,0,0,12,1,0,0,5,2,0,,,,,,4,2,2,0,88,65,0.74,0,0,,0,0,0
Roger ESPINOZA,WC Players,M,Honduras,3,226,25.7,8.2,10.4,27.9,,,,,,,,2,2,1,0,1,12,0,0,0,4,1,0,,,,,,4,3,1,0,106,81,0.76,2,0,,0,2,1
Eric CHOUPO MOTING,WC Players,F,Cameroon,3,246,25.6,7.7,9.4,28.1,,,,,,,,0,2,1,0,1,8,0,0,0,1,0,0,,,,,,5,3,2,0,86,55,0.64,2,1,0.5,1,2,1
Ashkan DEJAGAH,WC Players,M,Iran,3,226,25.4,6.3,11.3,30.9,,,,,,,,0,0,,0,1,2,0,0,0,3,6,0,,,,,,1,1,0,0,84,38,0.45,15,5,0.33,8,0,0
Jorge GUAGUA,WC Players,D,Ecuador,3,270,25.2,7.4,10.2,27.8,,,,,,,,0,9,1,0,0,14,0,0,0,4,3,0,,,,,,,,,,89,58,0.65,0,0,,0,0,0
Felipe GUTIERREZ,WC Players,M,Chile,4,165,25.2,9.5,7.8,27.2,,,,,,,,3,3,0.67,0,2,7,0,0,0,5,4,0,,,,,,3,0,3,0,85,65,0.76,1,0,,1,1,1
Nicolas NKOULOU,WC Players,D,Cameroon,3,270,25.1,6.8,10.1,31.1,,,,,,,,2,11,0.73,0,4,16,0,0,0,1,0,0,,,,,,1,0,1,0,100,88,0.88,0,0,,0,0,0
Souleymane BAMBA,WC Players,D,Ivory Coast,3,270,24.8,8.8,8.3,31,,,,,,,,0,9,0.89,0,0,17,1,0,0,4,1,0,,,,,,1,0,1,0,159,141,0.89,0,0,,0,0,0
Keylor NAVAS,WC Players,G,Costa Rica,5,510,24.7,6.5,9.6,24.1,,,,,,,,0,5,1,21,0,0,1,0,0,0,3,0,,,,,,,,,,180,101,0.56,0,0,,0,55,21
Shinji KAGAWA,WC Players,M,Japan,3,204,24.6,9.6,8.2,28.5,,,,,,,,1,0,,0,0,9,0,0,0,2,3,0,,,,,,5,1,4,0,134,99,0.74,3,1,0.33,3,3,2
Yacine BRAHIMI,WC Players,M,Algeria,3,190,24.6,8.7,9,30.2,1,0,0,28,6,7,15,1,0,,0,0,5,0,0,0,6,6,0,1,0,0,1,0,5,4,1,0,110,80,0.73,13,5,0.38,4,0,0
Omar GONZALEZ,WC Players,D,USA,3,211,24.6,7.6,10.4,26.8,,,,,,,,0,12,0.92,0,3,9,1,0,0,2,2,0,,,,,,,,,,118,91,0.77,0,0,,0,0,0
Sergio ROMERO,WC Players,G,Argentina,7,720,24.6,8.3,8.2,28.8,,,,,,,,0,7,0.86,19,0,0,,,,,,,,,,,,,,,,209,136,0.65,0,0,,0,68,29
Arthur BOKA,WC Players,D,Ivory Coast,3,255,24.5,9.3,8.4,30,,,,,,,,0,2,0.5,0,0,5,0,0,0,3,2,0,,,,,,4,3,1,0,131,103,0.79,11,2,0.18,0,25,18
Ryan McGOWAN,WC Players,D,Australia,3,221,24.4,7.7,10.8,27.8,,,,,,,,2,3,0.34,0,1,10,0,0,0,2,3,0,,,,,,,,,,128,90,0.7,2,1,0.5,0,31,13
Steven GERRARD,WC Players,M,England,3,197,24,9.1,8.7,27.8,,,,,,,,0,2,0.5,0,2,7,1,0,0,2,0,0,,,,,,2,0,2,0,142,113,0.8,16,5,0.31,7,0,0
Jorge CLAROS,WC Players,M,Honduras,3,212,23.9,8.4,9.3,29.8,,,,,,,,7,1,1,0,0,15,0,0,0,1,3,0,,,,,,2,1,1,0,147,129,0.88,0,0,,0,0,0
Wayne ROONEY,WC Players,F,England,3,194,23.7,9.7,7.9,30.7,1,0,2,11,3,1,10,0,0,,0,0,0,0,0,0,3,6,0,1,0,1,0,0,9,4,5,1,77,56,0.73,8,2,0.25,3,0,0
Xabi ALONSO,WC Players,M,Spain,3,191,23.4,10.3,7.6,27.1,1,1,1,16,0,4,4,1,1,,0,0,12,1,0,0,5,2,0,0,1,0,1,0,3,2,1,0,168,145,0.86,3,0,,0,0,0
Jefferson MONTERO,WC Players,F,Ecuador,3,230,23.4,7.8,8.4,30.9,,,,,,,,0,0,,0,0,6,1,0,0,3,4,0,,,,,,2,2,0,0,89,54,0.61,5,0,,5,2,1
Madjid BOUGUERRA,WC Players,D,Algeria,3,202,23.4,6.8,9.6,29.1,,,,,,,,3,6,1,0,2,13,1,0,0,1,2,0,,,,,,1,1,0,0,98,77,0.79,1,0,,0,0,0
Claudio BRAVO,WC Players,G,Chile,4,390,23.4,8,6.8,27.2,,,,,,,,0,10,0.7,18,0,0,0,0,0,0,3,0,,,,,,,,,,171,116,0.68,0,0,,0,49,29
Hugo LLORIS,WC Players,G,France,5,450,23.3,8.2,7.6,25.3,,,,,,,,0,3,1,10,0,0,0,0,0,0,3,0,,,,,,,,,,137,105,0.77,0,0,,0,37,24
Rodrigo PALACIO,WC Players,F,Argentina,5,160,23.1,8.1,8.5,31.4,,,,,,,,0,2,1,0,0,4,0,0,0,5,0,0,,,,,,6,3,3,0,51,28,0.55,4,0,,0,0,0
Hotaru YAMAGUCHI,WC Players,M,Japan,3,208,23,8.6,8.4,29.4,,,,,,,,0,3,1,0,1,10,0,0,0,2,1,0,,,,,,2,1,1,0,161,145,0.9,2,0,,0,1,1
EDER,WC Players,F,Portugal,3,205,22.9,8.7,7.8,31.4,,,,,,,,,,,,,,0,0,0,4,5,0,,,,,,7,2,5,0,68,56,0.82,2,0,,0,0,0
Die SEREY,WC Players,M,Ivory Coast,3,225,22.9,8.4,8,30.7,,,,,,,,5,2,1,0,1,15,1,0,0,6,2,0,,,,,,1,1,0,0,158,148,0.94,1,0,,0,2,1
Cristhian STUANI,WC Players,F,Uruguay,4,177,22.9,7.2,7,27.9,,,,,,,,0,1,,0,0,5,0,0,0,5,5,0,,,,,,2,1,1,0,47,30,0.64,2,1,0.5,0,0,0
Laurent KOSCIELNY,WC Players,D,France,4,222,22.8,7.2,8.2,30.3,,,,,,,,0,8,1,0,1,14,0,0,0,2,1,0,,,,,,1,1,0,0,106,86,0.81,0,0,,0,1,1
Jackson MARTINEZ,WC Players,F,Colombia,3,194,22.8,8.3,7.1,29.6,2,1,0,22,0,2,4,1,1,1,0,2,5,0,0,0,4,5,0,0,0,2,0,0,5,4,1,0,63,35,0.56,1,0,,0,0,0
Salomon KALOU,WC Players,F,Ivory Coast,3,203,22.7,9.1,6.6,29.8,,,,,,,,1,0,,0,0,6,1,0,0,7,2,0,,,,,,7,3,4,0,81,49,0.6,8,0,,4,3,1
Esseid BELKALEM,WC Players,D,Algeria,3,211,22.6,6.3,9.8,27,,,,,,,,0,12,0.75,0,6,15,0,0,0,1,2,0,,,,,,1,0,1,0,86,54,0.63,0,0,,0,1,0
Sulley MUNTARI,WC Players,M,Ghana,2,180,22.5,8,8.4,26.3,,,,,,,,0,1,1,0,0,7,2,0,0,5,6,0,,,,,,5,1,4,0,125,89,0.71,7,4,0.57,5,2,0
Fredy GUARIN,WC Players,M,Colombia,3,189,22.3,6.7,8,29.1,,,,,,,,2,0,,0,0,12,1,0,0,6,1,0,,,,,,2,0,2,0,85,59,0.69,5,0,,2,0,0
Carlo COSTLY,WC Players,F,Honduras,3,220,22.3,7.1,8.5,30.3,1,1,2,22,0,2,4,1,1,1,0,0,2,0,0,0,6,4,0,0,0,1,0,0,3,1,2,1,59,33,0.56,3,0,,0,1,0
Yoshito OKUBO,WC Players,F,Japan,3,203,22.3,9.3,6.2,27.4,,,,,,,,0,0,,0,0,1,0,0,0,4,7,0,,,,,,9,4,5,0,59,50,0.85,2,1,0.5,0,0,0
Jerry BENGTSON,WC Players,F,Honduras,3,226,22.2,8,7.4,30.2,,,,,,,,0,4,0.75,0,1,2,1,0,0,6,2,0,,,,,,4,3,1,0,53,40,0.75,1,1,1,0,1,1
Makoto HASEBE,WC Players,M,Japan,3,190,22.1,8.4,7.6,26.9,,,,,,,,1,2,0.5,0,1,12,1,0,0,3,5,0,,,,,,2,1,1,0,146,118,0.81,2,2,1,0,0,0
Harrison AFFUL,WC Players,D,Ghana,2,180,22,7.2,9.5,29.9,,,,,,,,,,,,,,1,0,0,3,3,0,,,,,,,,,,144,97,0.67,10,2,0.2,0,32,25
Diego BENAGLIO,WC Players,G,Switzerland,4,390,22,6.9,7.8,23.9,,,,,,,,1,6,0.67,22,0,0,0,0,0,0,1,0,,,,,,,,,,119,69,0.58,0,0,,0,48,8
Lazaros CHRISTODOULOPOULOS,WC Players,M,Greece,2,210,21.9,8.1,6.9,28.9,,,,,,,,2,0,,0,0,5,0,0,0,0,4,0,,,,,,9,1,8,0,71,55,0.77,10,0,,2,3,3
Mehdi MOSTEFA,WC Players,D,Algeria,2,210,21.7,5.1,10,28.3,,,,,,,,2,4,0.5,0,0,9,0,0,0,5,2,0,,,,,,2,1,1,0,73,44,0.6,0,0,,0,9,4
Faouzi GHOULAM,WC Players,D,Algeria,2,210,21.7,5.6,9.9,30.5,,,,,,,,3,6,1,0,1,14,0,0,0,2,0,0,,,,,,1,0,1,0,119,79,0.66,5,0,,0,28,21
Alvaro PEREIRA,WC Players,M,Uruguay,3,206,21.4,5.4,8.6,33.1,,,,,,,,1,5,1,0,1,7,0,0,0,7,5,0,,,,,,,,,,103,60,0.58,7,1,0.14,0,16,13
Boniek GARCIA,WC Players,M,Honduras,3,204,21.4,7.6,8,29,,,,,,,,0,1,1,0,0,5,1,0,0,2,8,0,,,,,,2,2,0,0,97,69,0.71,10,5,0.5,7,3,2
Djamel MESBAH,WC Players,D,Algeria,2,180,21.3,7.2,8.3,31.8,,,,,,,,0,4,0.75,0,0,8,1,0,0,5,2,0,,,,,,1,1,0,0,115,92,0.8,4,1,0.25,0,29,25
David SILVA,WC Players,M,Spain,3,175,21.2,9.6,6.3,28.3,,,,,,,,2,1,1,0,0,14,0,0,0,0,5,0,,,,,,3,2,1,0,124,102,0.82,1,0,,0,1,0
Sead KOLASINAC,WC Players,D,Bosnia-Hercegovina,2,180,21.1,8,7.7,31.1,,,,,,,,2,2,0.5,0,0,15,0,0,0,4,2,0,,,,,,1,1,0,0,111,95,0.86,0,0,,0,15,4
Raheem STERLING,WC Players,M,England,3,182,20.9,8.1,7.3,30.7,,,,,,,,0,1,1,0,0,0,1,0,0,6,4,0,,,,,,4,2,2,0,87,60,0.69,9,2,0.22,0,0,0
Fabian SCHAER,WC Players,D,Switzerland,2,210,20.9,5.6,8.9,29.2,,,,,,,,1,18,0.89,0,1,11,0,0,0,1,1,0,,,,,,1,0,1,0,62,41,0.66,1,0,,0,0,0
Mario BALOTELLI,WC Players,F,Italy,3,209,20.8,9,6,33,1,5,1,20,0,2,7,0,0,,0,0,0,2,0,0,8,3,0,0,0,0,0,1,7,4,3,0,52,34,0.65,1,0,,0,0,0
Daniele DE ROSSI,WC Players,M,Italy,2,180,20.8,8.1,7.7,25.2,,,,,,,,3,0,,0,0,15,0,0,0,3,2,0,,,,,,,,,,215,202,0.94,0,0,,0,0,0
Saphir TAIDER,WC Players,M,Algeria,2,168,20.6,5,10,25.7,,,,,,,,1,0,,0,0,6,0,0,0,4,7,0,,,,,,,,,,53,39,0.74,7,1,0.14,4,2,2
Sergio BUSQUETS,WC Players,M,Spain,2,180,20.6,8.6,6.7,28.9,,,,,,,,0,0,,0,0,8,0,0,0,1,3,0,,,,,,1,0,1,0,137,125,0.91,0,0,,0,0,0
Oswaldo MINDA,WC Players,M,Ecuador,2,173,20.6,6.3,8.5,26.1,,,,,,,,2,1,1,0,3,16,0,0,0,2,0,0,,,,,,,,,,81,63,0.78,1,0,,0,0,0
Glen JOHNSON,WC Players,D,England,2,180,20.6,8,7.3,29.4,,,,,,,,,,,,,,0,0,0,1,3,0,,,,,,2,0,2,0,155,121,0.78,7,1,0.14,0,25,10
Victor IBARBO,WC Players,M,Colombia,3,189,20.5,6.6,7.7,32.5,,,,,,,,1,3,0.67,0,1,4,0,0,0,7,6,0,,,,,,,,,,56,37,0.66,1,1,1,0,2,1
Olivier GIROUD,WC Players,F,France,5,165,20.4,7.5,6.8,28.9,1,0,1,23,0,2,6,2,5,0.6,0,0,1,0,0,0,5,5,0,1,0,0,0,1,7,3,4,0,62,36,0.58,4,0,,0,0,0
Nicolas LODEIRO,WC Players,M,Uruguay,3,143,20.4,6,7.7,26.7,,,,,,,,2,2,0.5,0,0,7,0,0,0,2,0,0,,,,,,1,1,0,0,83,57,0.69,2,1,0.5,4,2,1
Thibaut COURTOIS,WC Players,G,Belgium,5,480,20.4,7.1,6.6,19.3,,,,,,,,0,3,1,13,0,0,0,0,0,0,1,0,,,,,,,,,,125,85,0.68,0,0,,0,45,26
Panagiotis KONE,WC Players,M,Greece,3,171,20.2,6.6,7.3,30.3,,,,,,,,0,1,1,0,1,5,0,0,0,2,5,0,,,,,,5,2,3,0,59,35,0.59,8,0,,3,2,0
David OSPINA,WC Players,G,Colombia,5,445,20.2,6,5.8,22.1,,,,,,,,0,4,0.75,21,0,0,0,0,0,0,2,0,,,,,,,,,,138,89,0.64,0,0,,0,49,26
Konstantinos KATSOURANIS,WC Players,M,Greece,3,170,20.1,7,6.9,30,,,,,,,,1,2,1,0,1,7,0,1,0,5,1,0,,,,,,1,1,0,0,131,103,0.79,3,2,0.67,0,0,0
Luis GARRIDO,WC Players,M,Honduras,2,161,20.1,5.3,9.6,29.4,,,,,,,,3,0,,0,2,12,1,0,0,1,2,0,,,,,,,,,,72,55,0.76,1,0,,0,0,0
Victor BERNARDEZ,WC Players,D,Honduras,3,226,20.1,6.3,7.6,28.7,,,,,,,,0,4,0.75,0,2,8,1,0,0,5,2,0,,,,,,2,1,1,0,80,60,0.75,0,0,,0,0,0
Toni SUNJIC,WC Players,D,Bosnia-Hercegovina,2,180,20.1,7.9,6.7,27.9,,,,,,,,4,9,0.89,0,2,12,0,0,0,2,1,0,,,,,,,,,,133,115,0.86,0,0,,0,0,0
Theofanis GEKAS,WC Players,F,Greece,4,182,19.9,7.2,6,28.3,,,,,,,,,,,,,,0,0,0,1,0,0,,,,,,5,2,3,1,30,20,0.67,0,0,,0,1,0
Khosro HEYDARI,WC Players,D,Iran,3,147,19.6,5.5,8.4,30.3,,,,,,,,0,1,1,0,0,4,0,0,0,1,1,0,,,,,,,,,,56,34,0.61,14,2,0.14,1,3,3
Memphis DEPAY,WC Players,F,Netherlands,4,173,19.6,8.1,5.7,30.7,2,2,2,17,3,1,12,1,1,1,0,0,2,0,0,0,3,5,0,1,0,0,2,0,6,5,1,0,77,55,0.71,8,0,,1,6,6
WILLIAN,WC Players,M,Brazil,5,150,19.5,7.8,6.6,31.1,,,,,,,,0,1,1,0,0,3,0,0,0,2,2,0,,,,,,2,1,1,0,106,88,0.83,9,2,0.22,3,0,0
Cesar AZPILICUETA,WC Players,D,Spain,2,180,19.4,8.2,6.4,31.6,,,,,,,,0,1,,0,0,9,0,0,0,2,0,0,,,,,,,,,,135,105,0.78,5,1,0.2,0,28,20
Mark BRESCIANO,WC Players,M,Australia,3,147,19.4,6.5,8.1,22.3,,,,,,,,0,0,,0,0,2,0,0,0,4,2,0,,,,,,5,3,2,0,84,70,0.83,2,0,,1,0,0
Mario MANDZUKIC,WC Players,F,Croatia,2,180,19.3,6.3,5.7,30.2,2,3,1,12,0,2,2,1,2,1,0,0,1,0,0,0,3,2,0,0,0,0,1,1,4,2,2,0,47,27,0.57,0,0,,0,2,2
Leighton BAINES,WC Players,D,England,2,180,19.2,7.4,6.7,29.8,,,,,,,,1,4,0.5,0,0,6,0,0,0,2,1,0,,,,,,1,1,0,0,129,103,0.8,12,1,0.08,7,23,16
JO,WC Players,F,Brazil,3,168,19.1,7.3,5.9,30.9,,,,,,,,,,,,,,1,0,0,1,2,0,,,,,,3,1,2,0,59,38,0.64,3,0,,0,0,0
Johnny ACOSTA,WC Players,D,Costa Rica,2,163,19.1,4.3,9,27.4,,,,,,,,2,6,0.5,0,0,6,1,0,0,1,3,0,,,,,,1,0,1,0,67,48,0.72,1,0,,0,7,6
Zvjezdan MISIMOVIC,WC Players,M,Bosnia-Hercegovina,2,164,19,7.7,7.1,25.6,,,,,,,,1,1,1,0,0,2,0,0,0,0,3,0,,,,,,3,1,2,0,95,67,0.71,10,1,0.1,2,0,0
KOKE,WC Players,M,Spain,2,134,19,8.2,6.5,29.2,,,,,,,,3,1,1,0,0,10,0,0,0,0,2,0,,,,,,2,1,1,0,140,125,0.89,6,2,0.33,5,2,2
BERNARD,WC Players,F,Brazil,3,156,19,7.5,6.9,31.8,,,,,,,,0,0,,0,0,3,0,0,0,2,2,0,,,,,,1,0,1,0,75,55,0.73,11,2,0.18,4,2,2
El Arabi SOUDANI,WC Players,F,Algeria,3,167,19,4.4,8.2,28.3,,,,,,,,0,1,1,0,0,5,0,0,0,3,6,0,,,,,,,,,,42,21,0.5,2,1,0.5,0,0,0
Benoit ASSOU EKOTTO,WC Players,D,Cameroon,2,180,18.8,5.2,7.2,30.3,,,,,,,,0,6,1,0,1,10,0,0,0,3,1,0,,,,,,2,1,1,0,106,70,0.66,11,4,0.36,3,19,8
Romelu LUKAKU,WC Players,F,Belgium,4,175,18.8,7.1,5.6,28.7,1,2,3,11,1,2,1,,,,,,,0,0,0,3,0,0,0,0,1,0,0,6,6,0,0,47,29,0.62,2,1,0.5,0,0,0
Raul MEIRELES,WC Players,M,Portugal,2,159,18.8,6.5,7.7,29.6,,,,,,,,0,0,,0,0,7,0,0,0,2,0,0,,,,,,2,1,1,0,99,82,0.83,2,0,,0,1,0
Orestis KARNEZIS,WC Players,G,Greece,4,324,18.7,6,5,21.8,,,,,,,,0,0,,8,0,0,0,0,0,0,1,0,,,,,,,,,,74,53,0.72,0,0,,0,28,13
Abdelmoumene DJABOU,WC Players,F,Algeria,3,170,18.7,6.8,6.9,28.1,2,2,3,17,3,3,9,2,0,,0,0,8,0,0,0,2,5,0,1,0,2,0,0,4,3,1,0,68,40,0.59,12,3,0.25,5,0,0
Tim HOWARD,STAR,G,USA,4,390,18.6,5.1,6.9,25.7,,,,,,,,0,6,1,27,0,0,,,,,,,,,,,,,,,,172,138,0.8,0,0,,0,55,28
Aleksei KOZLOV,WC Players,D,Russia,2,152,18.6,7,7.2,29.4,,,,,,,,0,3,1,0,0,5,1,0,0,4,0,0,,,,,,,,,,83,58,0.7,0,0,,0,20,15
Yasuyuki KONNO,WC Players,D,Japan,2,180,18.6,7,5.7,28.5,,,,,,,,0,1,1,0,2,6,1,0,0,5,1,1,,,,,,1,1,0,0,147,127,0.86,0,0,,0,0,0
Tim CAHILL,WC Players,F,Australia,2,159,18.5,5.6,7.9,25.4,2,2,0,11,2,2,1,0,2,0.5,0,0,2,2,0,0,7,1,0,0,0,1,0,1,7,3,4,0,47,39,0.83,1,0,,0,1,0
Haris SEFEROVIC,WC Players,F,Switzerland,4,139,18.5,6.8,6.3,30.9,1,0,0,13,0,1,6,0,2,1,0,0,1,0,0,0,4,1,0,0,0,1,0,0,4,2,2,0,45,36,0.8,1,1,1,0,0,0
Maty RYAN,WC Players,G,Australia,3,270,18.5,5.8,8.1,26.1,,,,,,,,0,4,1,11,0,0,,,,,,,,,,,,,,,,124,105,0.85,0,0,,0,22,13
Ross BARKLEY,WC Players,M,England,3,145,18.4,7.2,5.5,30.2,,,,,,,,1,1,,0,0,1,1,0,0,2,1,0,,,,,,2,1,1,0,77,59,0.77,7,2,0.29,5,0,0
Mensur MUJDZA,WC Players,M,Bosnia-Hercegovina,2,159,18.2,7.2,7.3,29.6,,,,,,,,0,6,0.34,0,0,9,0,0,0,4,2,0,,,,,,,,,,79,63,0.8,5,1,0.2,0,13,8
Phil JAGIELKA,WC Players,D,England,2,180,18.2,6.5,6.7,29.2,,,,,,,,0,6,1,0,1,12,0,0,0,1,1,0,,,,,,1,0,1,0,103,92,0.89,0,0,,0,1,0
Vedad IBISEVIC,WC Players,F,Bosnia-Hercegovina,3,144,18.2,7.7,5,26.7,1,0,0,7,0,1,1,0,0,,0,0,3,0,0,0,0,1,0,0,0,1,0,0,5,3,2,0,38,29,0.76,0,0,,0,0,0
Luis SUAREZ,WC Players,F,Uruguay,2,178,18.1,5.3,6.3,28.7,2,3,0,17,4,5,3,1,1,1,0,0,2,0,0,0,7,2,0,0,0,0,1,1,12,9,3,0,70,33,0.47,19,2,0.11,9,3,2
Moussa DEMBELE,WC Players,M,Belgium,2,155,18.1,7,6.1,29.4,,,,,,,,0,0,,0,2,7,1,0,0,5,5,0,,,,,,1,0,1,0,96,81,0.84,0,0,,0,0,0
Danijel PRANJIC,WC Players,D,Croatia,2,164,18.1,6.4,5.6,27.9,,,,,,,,1,3,1,0,0,5,0,0,0,1,1,0,,,,,,2,1,1,0,96,72,0.75,6,2,0.33,6,10,9
Jordan HENDERSON,WC Players,M,England,2,160,18.1,6.9,6.7,27.4,,,,,,,,,,,,,,0,0,0,1,1,0,,,,,,3,3,0,0,115,100,0.87,2,0,,0,0,0
Medhi LACEN,WC Players,M,Algeria,3,152,18,4.3,8.2,26.6,,,,,,,,2,0,,0,1,12,0,0,0,2,2,0,,,,,,,,,,72,55,0.76,3,0,,0,1,1
Joel MATIP,WC Players,M,Cameroon,2,180,18,5.1,6.7,30.9,1,0,0,12,1,2,0,1,4,1,0,3,5,0,0,0,3,1,0,0,0,0,1,0,2,2,0,0,60,42,0.7,0,0,,0,0,0
Sime VRSALJKO,WC Players,D,Croatia,2,148,17.7,5.7,6.9,29.6,,,,,,,,1,3,1,0,1,12,0,0,0,5,1,0,,,,,,,,,,103,71,0.69,2,0,,0,26,3
Michael BABATUNDE,WC Players,M,Nigeria,2,141,17.5,6,7.8,26.5,,,,,,,,1,0,,0,0,6,0,0,0,3,2,0,,,,,,2,2,0,0,56,37,0.66,4,1,0.25,2,0,0
Fernando TORRES,WC Players,F,Spain,3,144,17.2,7.1,5.5,30.3,1,4,2,11,2,0,2,,,,,,,0,0,0,2,3,0,0,0,0,1,0,2,2,0,0,50,29,0.58,1,0,,0,0,0
Wilfried BONY,WC Players,F,Ivory Coast,3,167,17,6.6,4.9,27,2,1,0,12,0,2,2,1,3,1,0,0,1,0,0,0,5,1,0,0,0,0,1,1,6,2,4,0,40,28,0.7,0,0,,0,0,0
Senad LULIC,WC Players,M,Bosnia-Hercegovina,2,148,16.7,6.1,6.9,29.4,,,,,,,,1,0,,0,0,6,0,0,0,2,1,0,,,,,,2,2,0,0,68,51,0.75,6,0,,0,7,5
Andreas SAMARIS,WC Players,M,Greece,2,136,16.5,5.1,6.2,28.7,1,0,1,10,1,5,4,2,3,0.67,0,2,9,1,0,0,2,4,0,0,0,0,1,0,3,3,0,0,79,66,0.84,0,0,,0,0,0
WILLIAM,WC Players,F,Brazil,2,134,16.5,5.8,6.1,25.8,,,,,,,,1,0,,0,0,8,0,0,0,7,1,0,,,,,,,,,,105,90,0.86,0,0,,0,0,0
Marco VERRATTI,WC Players,M,Italy,2,132,16.5,6.9,5.5,28.7,,,,,,,,2,0,,0,2,5,0,0,0,4,4,0,,,,,,,,,,110,102,0.93,0,0,,0,2,0
Jordy CLASIE,WC Players,M,Netherlands,2,148,16.4,5.6,6.6,24.1,,,,,,,,1,2,1,0,0,9,0,0,0,2,1,0,,,,,,1,0,1,0,86,74,0.86,1,1,1,0,0,0
Alexander MEJIA,WC Players,M,Colombia,4,144,16.3,4.8,6.7,29.4,,,,,,,,2,3,0.67,0,1,8,0,0,0,4,0,0,,,,,,,,,,52,37,0.71,0,0,,0,0,0
Guillermo OCHOA,WC Players,G,Mexico,4,360,16.2,4.6,5.1,22.5,,,,,,,,0,6,0.84,10,0,0,,,,,,,,,,,,,,,,105,75,0.71,0,0,,0,34,20
Jose CUBERO,WC Players,M,Costa Rica,4,115,16,3.7,7.3,27.6,,,,,,,,1,0,,0,0,3,1,0,0,3,1,0,,,,,,,,,,39,26,0.67,1,0,,0,0,0
Didier ZOKORA,WC Players,D,Ivory Coast,2,180,16,6.2,5.4,30.3,,,,,,,,0,12,0.92,0,0,9,2,0,0,1,0,0,,,,,,,,,,122,112,0.92,0,0,,0,1,0
Victor MOSES,WC Players,F,Nigeria,2,141,15.8,6.4,4.4,31.4,,,,,,,,1,1,1,0,1,2,0,0,0,4,3,0,,,,,,2,2,0,0,40,25,0.63,7,0,,2,1,0
Jordan AYEW,WC Players,F,Ghana,3,116,15.8,5.6,4.9,31.2,,,,,,,,0,0,,0,0,3,1,0,0,3,1,0,,,,,,5,5,0,0,37,28,0.76,4,2,0.5,0,0,0
Adrian RAMOS,WC Players,F,Colombia,3,139,15.5,5.2,4.6,30.5,,,,,,,,0,0,,0,0,1,0,0,0,6,2,0,,,,,,4,2,2,0,55,34,0.62,0,0,,0,0,0
Antonio CANDREVA,WC Players,M,Italy,2,136,15.4,6.7,5.2,30,,,,,,,,,,,,,,,,,,,,,,,,,5,2,3,1,63,42,0.67,8,1,0.13,2,0,0
Oliver BOZANIC,WC Players,M,Australia,2,111,15.4,5.5,6.3,24.1,,,,,,,,0,1,1,0,0,3,0,0,0,2,2,0,,,,,,1,1,0,0,53,36,0.68,2,0,,1,1,1
DeAndre YEDLIN,WC Players,D,USA,3,112,15.4,5.3,5.8,31.6,,,,,,,,1,0,,0,0,5,0,0,0,0,1,0,,,,,,,,,,66,48,0.73,12,2,0.17,0,9,9
Santiago ARIAS,WC Players,D,Colombia,3,124,15.1,5.2,6.3,31.4,,,,,,,,0,1,1,0,2,10,0,0,0,1,0,0,,,,,,2,1,1,0,68,56,0.82,1,0,,0,15,8
LEE Keunho,WC Players,F,South Korea,3,104,15,5.7,4.7,28.1,1,0,0,12,1,1,0,0,0,,0,0,3,0,0,0,0,1,0,1,0,0,1,0,7,4,3,0,48,30,0.63,3,1,0.33,0,2,2
Masoud SHOJAEI,WC Players,M,Iran,3,123,14.9,3.2,6.8,27.6,,,,,,,,0,1,1,0,1,2,1,0,0,6,7,0,,,,,,1,0,1,1,33,18,0.55,2,1,0.5,0,1,1
Felipe CAICEDO,WC Players,F,Ecuador,3,153,14.8,5.2,4.9,31.1,,,,,,,,1,0,,0,0,3,0,0,0,2,1,0,,,,,,1,1,0,0,50,29,0.58,0,0,,0,1,0
Asmir BEGOVIC,WC Players,G,Bosnia-Hercegovina,3,270,14.8,5.4,5.1,16.6,,,,,,,,0,1,1,13,0,0,,,,,,,,,,,,,,,,69,53,0.77,0,0,,0,22,8
Andrey ESHCHENKO,WC Players,D,Russia,2,118,14.8,5.3,5.7,29.2,,,,,,,,2,2,0.5,0,0,7,0,0,0,1,0,0,,,,,,3,2,1,0,92,72,0.78,5,0,,0,17,16
Shkodran MUSTAFI,WC Players,D,Germany,3,131,14.6,6.4,4.2,32.9,,,,,,,,0,1,1,0,0,2,0,0,0,1,0,0,,,,,,1,1,0,0,81,65,0.8,5,0,,0,12,6
Jeremain LENS,WC Players,F,Netherlands,4,127,14.6,5.1,4.7,30.3,,,,,,,,1,0,,0,0,2,0,0,0,9,5,0,,,,,,4,3,1,0,41,23,0.56,1,0,,0,0,0
Didier DROGBA,WC Players,F,Ivory Coast,3,136,14.5,5.3,4.1,30.2,,,,,,,,2,4,0.75,0,0,2,1,0,0,6,6,0,,,,,,3,2,1,0,47,21,0.45,2,1,0.5,0,0,0
Danny WELBECK,WC Players,F,England,2,132,14.4,5.7,4.9,28.7,,,,,,,,0,1,1,0,0,3,0,0,0,1,3,0,,,,,,1,0,1,0,62,46,0.74,0,0,,0,0,0
PEPE,WC Players,D,Portugal,2,127,14.4,4.7,5.2,27.7,,,,,,,,0,3,1,0,0,14,0,0,1,4,3,0,,,,,,,,,,72,57,0.79,0,0,,0,0,0
Vincent ABOUBAKAR,WC Players,F,Cameroon,2,142,14.1,4.3,5,29.4,,,,,,,,1,0,,0,0,3,0,0,0,1,1,0,,,,,,5,2,3,0,39,29,0.74,1,0,,0,0,0
Izet HAJROVIC,WC Players,M,Bosnia-Hercegovina,2,128,14.1,5.8,5.4,28.3,,,,,,,,,,,,,,0,0,0,2,3,0,,,,,,5,4,1,0,57,41,0.72,3,1,0.33,0,3,1
Ricardo COSTA,WC Players,D,Portugal,2,134,14.1,4.6,5.8,27.2,,,,,,,,1,2,,0,3,8,0,0,0,3,2,0,,,,,,,,,,75,67,0.89,0,0,,0,0,0
Mateo KOVACIC,WC Players,M,Croatia,3,111,14,4.6,5.3,29,,,,,,,,1,0,,0,0,2,0,0,0,1,1,0,,,,,,1,0,1,0,59,47,0.8,0,0,,0,0,0
Emilio IZAGUIRRE,WC Players,D,Honduras,2,136,13.9,3.6,6.5,29.1,,,,,,,,0,7,1,0,0,6,0,0,0,2,0,0,,,,,,,,,,63,44,0.7,3,0,,0,11,6
Juan Carlos GARCIA,WC Players,D,Honduras,2,134,13.9,5.7,4.5,31.1,,,,,,,,3,2,0.5,0,0,7,0,0,0,1,3,0,,,,,,1,0,1,0,103,82,0.8,3,1,0.33,0,14,13
Yuya OSAKO,WC Players,F,Japan,2,124,13.7,5,4.4,27.4,,,,,,,,,,,,,,0,0,0,3,3,0,,,,,,3,2,1,0,28,19,0.68,2,1,0.5,0,0,0
Nacer CHADLI,WC Players,M,Belgium,4,100,13.7,5.4,4.5,31.6,,,,,,,,0,0,,0,0,3,0,0,0,5,0,0,,,,,,4,3,1,0,55,44,0.8,1,0,,0,0,0
Emmanuel BADU,WC Players,M,Ghana,2,102,13.6,4.3,5.6,30.5,,,,,,,,1,1,1,0,0,3,0,0,0,1,3,0,,,,,,2,0,2,0,44,38,0.86,0,0,,0,0,0
Tino Sven SUSIC,WC Players,M,Bosnia-Hercegovina,2,105,13.5,6,3.8,29.4,,,,,,,,1,1,1,0,1,4,0,0,0,2,1,0,,,,,,1,1,0,0,76,57,0.75,6,2,0.33,1,0,0
Konstantinos MITROGLOU,WC Players,F,Greece,3,123,13.4,4.8,4.4,28.8,,,,,,,,,,,,,,0,0,0,1,0,0,,,,,,5,4,1,0,22,17,0.77,0,0,,0,0,0
Diego FORLAN,WC Players,F,Uruguay,2,113,13.1,4,4.6,27.4,,,,,,,,,,,,,,0,0,0,1,0,0,,,,,,4,1,3,0,47,32,0.68,6,0,,3,0,0
Maksim KANUNNIKOV,WC Players,F,Russia,2,99,13.1,4.9,4.7,31.1,,,,,,,,1,2,1,0,0,7,0,0,0,4,2,0,,,,,,2,2,0,0,37,24,0.65,3,0,,0,3,1
PARK Chuyoung,WC Players,F,South Korea,2,113,13,4.9,4.4,24.9,,,,,,,,1,0,,0,0,1,0,0,0,4,1,0,,,,,,1,1,0,0,38,27,0.71,1,0,,0,1,1
Jose Maria BASANTA,WC Players,D,Argentina,2,104,13,4.5,4,32.7,,,,,,,,1,5,0.8,0,0,7,0,0,0,3,1,0,,,,,,,,,,60,45,0.75,2,1,0.5,0,15,11
Randall BRENES,WC Players,F,Costa Rica,3,105,12.9,3.8,5,26.9,,,,,,,,0,1,1,0,0,2,0,0,0,4,0,0,,,,,,3,1,2,0,38,26,0.68,5,1,0.2,2,2,2
Aurelien CHEDJOU,WC Players,D,Cameroon,2,136,12.9,3.3,4.9,28.7,,,,,,,,1,6,1,0,0,12,0,0,0,1,1,0,,,,,,2,1,1,0,64,49,0.77,0,0,,0,0,0
Michael ARROYO,WC Players,M,Ecuador,2,102,12.9,3.8,5.2,30.5,,,,,,,,1,0,,0,0,4,0,0,0,2,1,0,,,,,,3,1,2,0,50,33,0.66,2,0,,0,6,4
Diego COSTA,WC Players,F,Spain,2,126,12.9,5.9,3.5,25.4,,,,,,,,,,,,,,0,0,0,1,2,0,,,,,,4,2,2,0,30,22,0.73,2,2,1,0,0,0
Alexandre SONG,WC Players,M,Cameroon,2,119,12.8,3.8,4.9,25.8,,,,,,,,,,,,,,0,0,1,3,3,0,,,,,,1,1,0,0,58,51,0.88,3,2,0.67,2,1,1
Fernando MUSLERA,WC Players,G,Uruguay,4,360,12.8,3.1,4,20.7,,,,,,,,0,1,1,10,0,0,1,0,0,0,1,0,,,,,,,,,,88,53,0.6,0,0,,0,37,11
Vincent ENYEAMA,WC Players,G,Nigeria,4,360,12.7,3.7,4.8,20.3,,,,,,,,0,3,1,21,0,0,0,0,0,0,1,0,,,,,,,,,,113,74,0.65,0,0,,0,41,18
Alireza HAGHIGHI,WC Players,G,Iran,3,270,12.7,3,4.8,20.6,,,,,,,,0,4,0.75,12,0,0,0,0,0,0,1,0,,,,,,,,,,76,36,0.47,0,0,,0,43,14
Wilson PALACIOS,WC Players,M,Honduras,2,133,12.5,4.6,4.9,25.8,,,,,,,,1,2,1,0,0,5,0,1,0,3,8,1,,,,,,2,1,1,0,105,92,0.88,1,0,,0,1,1
Marcos URENA,WC Players,F,Costa Rica,4,102,12.5,3.6,4.7,30.9,1,0,4,15,1,1,1,0,0,,0,1,2,0,0,0,3,1,0,0,0,0,1,0,3,3,0,0,31,14,0.45,0,0,,0,0,0
Rais MBOLHI,WC Players,G,Algeria,4,390,12.4,3.5,4.9,22,,,,,,,,0,6,1,23,0,0,0,0,0,0,1,0,,,,,,,,,,130,55,0.42,0,0,,0,38,11
Adam LALLANA,WC Players,M,England,3,91,12.3,5,3.8,31.2,,,,,,,,0,0,,0,0,7,1,0,0,2,2,0,,,,,,,,,,48,32,0.67,2,1,0.5,0,1,1
Thiago MOTTA,WC Players,M,Italy,3,94,12.2,4.7,4.5,24.9,,,,,,,,,,,,,,0,0,0,0,3,0,,,,,,1,0,1,0,87,78,0.9,0,0,,0,0,0
Morgan SCHNEIDERLIN,WC Players,M,France,1,90,12.2,4.9,3.9,28.7,,,,,,,,1,0,,0,1,9,0,0,0,0,1,0,,,,,,1,0,1,0,73,65,0.89,0,0,,0,0,0
Juan QUINTERO,WC Players,M,Colombia,3,93,12,4,4.1,24.9,1,0,0,9,2,0,2,,,,,,,0,0,0,1,1,0,0,0,0,0,0,3,2,1,0,46,31,0.67,5,1,0.2,3,0,0
Aleksandr KERZHAKOV,WC Players,F,Russia,3,101,12,4.5,4.2,29.6,1,2,0,5,0,2,1,0,0,,0,0,0,0,0,0,1,2,0,0,0,0,1,0,4,3,1,0,17,6,0.35,1,0,,0,0,0
Ben HALLORAN,WC Players,F,Australia,3,87,12,4.5,4.6,28.7,,,,,,,,0,1,1,0,0,2,0,0,0,1,5,0,,,,,,,,,,34,17,0.5,2,0,,0,4,1
Carlos SALCIDO,WC Players,D,Mexico,2,91,11.9,3.6,5.1,25.4,,,,,,,,3,1,1,0,0,5,0,0,0,3,0,0,,,,,,2,1,1,0,36,28,0.78,0,0,,0,0,0
Pedro RODRIGUEZ,WC Players,F,Spain,2,104,11.9,5.1,3.5,29.4,,,,,,,,0,0,,0,0,2,0,0,0,2,6,0,,,,,,1,1,0,0,54,33,0.61,1,0,,0,0,0
Carlos GRUEZO,WC Players,M,Ecuador,2,97,11.7,3.4,5,25.9,,,,,,,,,,,,,,0,0,0,2,1,0,,,,,,1,0,1,0,28,21,0.75,0,0,,0,0,0
KIM Shinwook,WC Players,F,South Korea,2,99,11.6,4.2,3.5,25.2,,,,,,,,,,,,,,0,0,0,1,4,0,,,,,,2,1,1,0,25,17,0.68,0,0,,0,0,0
Nikica JELAVIC,WC Players,F,Croatia,2,94,11.5,3.5,4.4,27.4,,,,,,,,0,0,,0,0,0,0,0,0,4,0,0,,,,,,1,1,0,0,26,12,0.46,1,1,1,0,0,0
Mark MILLIGAN,WC Players,M,Australia,1,90,11.3,3,5.6,26.7,,,,,,,,1,2,1,0,1,7,1,0,0,2,0,0,,,,,,1,1,0,0,38,30,0.79,0,0,,0,1,0
Ruben AMORIM,WC Players,M,Portugal,1,90,11.3,4.2,3.8,27.8,,,,,,,,,,,,,,0,0,0,2,1,0,,,,,,1,0,1,0,53,39,0.74,0,0,,0,2,1
BETO,WC Players,G,Portugal,2,179,11.2,3.7,3.9,25.9,,,,,,,,0,4,1,5,0,0,,,,,,,,,,,,,,,,65,51,0.78,0,0,,0,20,16
Lucas DIGNE,WC Players,D,France,1,90,11.2,4.9,3.4,29.4,,,,,,,,,,,,,,0,0,0,1,4,0,,,,,,,,,,76,56,0.74,4,1,0.25,1,6,5
Jorge VALDIVIA,WC Players,M,Chile,3,93,11.2,5.1,2.7,27,1,1,0,6,2,5,0,,,,,,,0,0,0,1,3,0,0,0,0,1,0,2,2,0,0,58,45,0.78,1,0,,0,0,0
Xavi HERNANDEZ,WC Players,M,Spain,1,90,11.1,4.7,3.6,23.1,,,,,,,,,,,,,,,,,,,,,,,,,,,,,78,73,0.94,2,1,0.5,3,1,0
Ciro IMMOBILE,WC Players,F,Italy,2,88,11,4.1,3.4,29.4,,,,,,,,,,,,,,0,0,0,3,1,0,,,,,,2,1,1,0,23,14,0.61,1,0,,0,0,0
Jack WILSHERE,WC Players,M,England,2,90,10.9,4.6,3.5,27.8,,,,,,,,1,0,,0,0,7,0,0,0,1,2,0,,,,,,,,,,58,44,0.76,0,0,,0,1,1
Ermin BICAKCIC,WC Players,D,Bosnia-Hercegovina,1,90,10.9,3.9,4.4,29.2,,,,,,,,0,2,1,0,1,2,,,,,,,,,,,,,,,,45,30,0.67,4,0,,0,2,0
Frank LAMPARD,WC Players,M,England,1,90,10.9,4.2,3.6,23.5,,,,,,,,0,0,,0,0,8,0,0,0,1,2,0,,,,,,1,1,0,0,78,64,0.82,2,0,,0,0,0
Avdija VRSAJEVIC,WC Players,M,Bosnia-Hercegovina,1,90,10.8,4.7,3,32.1,1,0,1,10,2,1,4,0,0,,0,0,4,0,0,0,1,0,0,0,0,0,1,0,2,1,1,0,56,42,0.75,5,2,0.4,0,7,7
Eiji KAWASHIMA,WC Players,G,Japan,3,270,10.8,3.3,3.9,20.5,,,,,,,,0,2,1,8,0,0,,,,,,,,,,,,,,,,82,65,0.79,0,0,,0,35,17
Charles ITANDJE,WC Players,G,Cameroon,3,270,10.7,2.7,3.8,21.6,,,,,,,,0,7,0.86,15,0,0,0,0,0,0,1,0,,,,,,,,,,87,52,0.6,0,0,,0,29,9
Santi CAZORLA,WC Players,M,Spain,2,82,10.6,4.6,3.5,26.3,,,,,,,,1,0,,0,0,6,0,0,0,0,2,0,,,,,,3,3,0,0,62,53,0.85,5,2,0.4,3,0,0
JUANFRAN,WC Players,D,Spain,1,90,10.6,4.8,3.4,29.6,,,,,,,,1,2,1,0,0,7,0,0,0,1,2,0,,,,,,,,,,75,52,0.69,3,0,,0,11,11
Gianluigi BUFFON,WC Players,G,Italy,2,180,10.5,3.5,3,22.5,,,,,,,,0,4,0.25,8,0,0,,,,,,,,,,,,,,,,62,56,0.9,0,0,,0,18,15
Mattia DE SCIGLIO,WC Players,D,Italy,1,90,10.5,3.9,3.2,26.9,,,,,,,,1,0,,0,1,2,1,0,0,3,0,0,,,,,,,,,,48,31,0.65,9,2,0.22,0,6,6
Bacary SAGNA,WC Players,D,France,1,90,10.4,4.3,3.2,27.6,,,,,,,,0,1,1,0,0,1,0,0,0,0,1,0,,,,,,,,,,65,50,0.77,7,3,0.43,0,7,7
Anthony VANDEN BORRE,WC Players,D,Belgium,1,90,10.4,3.6,4,25.6,,,,,,,,,,,,,,0,0,0,1,1,0,,,,,,,,,,58,40,0.69,1,0,,0,14,12
Javier HERNANDEZ,WC Players,F,Mexico,4,75,10.3,3.3,3.1,30.9,1,1,0,16,0,0,4,,,,,,,0,0,0,2,6,0,0,0,0,0,1,3,1,2,0,28,16,0.57,3,0,,0,1,1
Kevin Prince BOATENG,WC Players,F,Ghana,2,83,10.3,3.8,3.9,30.9,,,,,,,,,,,,,,0,0,0,2,0,0,,,,,,3,0,3,0,39,28,0.72,1,0,,0,3,1
MAXWELL,WC Players,D,Brazil,1,90,10.2,4,3.2,30,,,,,,,,0,2,1,0,0,3,0,0,0,1,0,0,,,,,,1,0,1,0,54,44,0.81,2,0,,0,11,11
Landry NGUEMO,WC Players,M,Cameroon,1,90,10.2,3.2,3.9,24.1,,,,,,,,1,0,,0,0,4,0,0,0,2,6,0,,,,,,2,0,2,0,52,44,0.85,0,0,,0,0,0
Igor AKINFEEV,WC Players,G,Russia,3,270,10.1,3.5,3.3,24.2,,,,,,,,0,5,1,10,0,0,,,,,,,,,,,,,,,,82,56,0.68,0,0,,0,16,7
Nicolas LOMBAERTS,WC Players,D,Belgium,1,90,10.1,3.2,3.8,25.4,,,,,,,,0,0,,0,1,4,0,0,0,2,0,0,,,,,,,,,,37,30,0.81,0,0,,0,0,0
Noel VALLADARES,WC Players,G,Honduras,3,270,10,2.7,3.4,15,,,,,,,,0,3,1,11,0,0,,,,,,,,,,,,,,,,75,57,0.76,1,0,,0,20,9
Dany NOUNKEU,WC Players,D,Cameroon,2,88,10,3.1,4.1,31.6,,,,,,,,0,1,,0,0,6,1,0,0,2,0,0,,,,,,2,0,2,0,51,39,0.76,3,0,,0,7,1
Raul ALBIOL,WC Players,D,Spain,1,90,10,4.3,3.4,23.9,,,,,,,,1,2,1,0,0,7,,,,,,,,,,,,,,,,45,34,0.76,0,0,,0,0,0
Haris MEDUNJANIN,WC Players,M,Bosnia-Hercegovina,2,80,9.9,4.2,3.7,26.3,,,,,,,,1,0,,0,0,7,1,0,0,1,0,0,,,,,,2,0,2,0,100,86,0.86,1,1,1,0,0,0
Steve VON BERGEN,WC Players,D,Switzerland,2,99,9.8,3.7,3.4,30.5,,,,,,,,,,,,,,0,0,0,0,2,0,,,,,,,,,,44,32,0.73,0,0,,0,0,0
Stipe PLETIKOSA,WC Players,G,Croatia,3,270,9.8,3,3.2,17,,,,,,,,0,2,1,5,0,0,0,0,0,0,1,0,,,,,,,,,,85,60,0.71,0,0,,0,35,16
Daniel OPARE,WC Players,D,Ghana,1,90,9.7,3.8,2.9,28.5,,,,,,,,1,0,,0,0,9,0,0,0,3,2,0,,,,,,,,,,89,58,0.65,8,2,0.25,0,18,0
Roy MILLER,WC Players,D,Costa Rica,1,90,9.7,2.8,3.9,28.5,,,,,,,,1,1,1,0,0,6,0,0,0,2,1,0,,,,,,,,,,48,28,0.58,0,0,,0,2,2
Chris SMALLING,WC Players,D,England,1,90,9.7,3.5,3.2,28.5,,,,,,,,0,0,,0,0,6,0,0,0,4,0,0,,,,,,,,,,50,39,0.78,0,0,,0,0,0
Allan NYOM,WC Players,D,Cameroon,1,90,9.7,3,3.7,29.4,,,,,,,,0,1,1,0,3,3,0,0,0,0,1,0,,,,,,1,1,0,0,39,29,0.74,4,1,0.25,0,5,3
Phil JONES,WC Players,D,England,1,90,9.6,3.4,3.2,26.7,,,,,,,,1,2,1,0,0,6,0,0,0,2,3,0,,,,,,,,,,58,38,0.66,0,0,,0,10,9
Alexander DOMINGUEZ,WC Players,G,Ecuador,3,270,9.6,2.6,3.3,21,,,,,,,,0,2,1,18,0,0,0,0,0,0,1,0,,,,,,,,,,94,56,0.6,0,0,,0,36,8
DANTE,WC Players,D,Brazil,1,90,9.5,3.4,4.1,25.2,,,,,,,,0,3,1,0,0,8,1,0,0,1,0,0,,,,,,,,,,62,55,0.89,1,0,,0,1,1
Javi MARTINEZ,WC Players,D,Spain,1,90,9.5,4,2.8,31.6,,,,,,,,0,3,1,0,0,4,0,0,0,1,1,0,,,,,,,,,,50,46,0.92,0,0,,0,0,0
Luke SHAW,WC Players,D,England,1,90,9.5,3.5,3.3,31.1,,,,,,,,1,0,,0,0,7,0,0,0,1,3,0,,,,,,1,1,0,0,57,43,0.75,1,0,,0,5,5
Eder BALANTA,WC Players,D,Colombia,1,90,9.5,3.1,3.8,27.6,,,,,,,,,,,,,,0,0,0,2,0,0,,,,,,,,,,32,21,0.66,0,0,,0,0,0
Masato MORISHIGE,WC Players,D,Japan,1,90,9.5,2.7,4.1,26.3,,,,,,,,,,,,,,1,0,0,2,1,0,,,,,,,,,,35,29,0.83,0,0,,0,1,0
Alan DZAGOEV,WC Players,M,Russia,3,61,9.5,3.8,3,27.2,,,,,,,,,,,,,,0,0,0,2,0,0,,,,,,2,1,1,0,34,26,0.76,0,0,,0,0,0
Ignazio ABATE,WC Players,D,Italy,1,90,9.4,3.7,3,31.5,,,,,,,,,,,,,,0,0,0,3,2,0,,,,,,,,,,39,30,0.77,2,0,,0,4,4
Yasuhito ENDO,WC Players,M,Japan,2,80,9.4,3.5,3,29.1,,,,,,,,1,0,,0,0,1,0,0,0,2,0,0,,,,,,2,2,0,0,87,76,0.87,4,0,,1,1,1
Carlos VALDES,WC Players,D,Colombia,1,90,9.3,3,3.9,25.5,,,,,,,,0,2,1,0,1,9,0,0,0,2,0,0,,,,,,,,,,36,26,0.72,0,0,,0,0,0
Leonardo BONUCCI,WC Players,D,Italy,1,90,9.2,3.1,2.9,26.1,,,,,,,,0,0,,0,1,6,0,0,0,0,1,0,,,,,,,,,,59,47,0.8,0,0,,0,1,1
Gerard PIQUE,WC Players,D,Spain,1,90,9.2,3.3,3.3,26.5,,,,,,,,0,2,0.5,0,0,4,0,0,0,1,1,0,,,,,,,,,,68,57,0.84,0,0,,0,0,0
Ramon AZEEZ,WC Players,M,Nigeria,1,69,9.1,4.1,2.3,25.7,,,,,,,,,,,,,,0,0,0,0,2,0,,,,,,,,,,52,40,0.77,4,0,,1,0,0
Aron JOHANNSSON,WC Players,F,USA,1,67,9.1,2.6,3.5,26.5,,,,,,,,,,,,,,,,,,,,,,,,,1,1,0,0,15,12,0.8,0,0,,0,0,0
Henri BEDIMO,WC Players,D,Cameroon,1,90,9,2.8,3.6,30.9,,,,,,,,1,0,,0,0,6,0,0,0,1,2,0,,,,,,,,,,43,36,0.84,2,1,0.5,0,13,13
Ioannis FETFATZIDIS,WC Players,M,Greece,2,74,9,2.8,3.7,29.1,,,,,,,,0,0,,0,0,6,0,0,0,3,0,0,,,,,,,,,,28,19,0.68,2,0,,1,2,2
Diego LUGANO,WC Players,D,Uruguay,1,90,9,2.6,2.6,22.7,,,,,,,,0,2,1,0,0,3,2,0,0,1,3,0,,,,,,,,,,43,34,0.79,0,0,,0,1,0
Gabriel PALETTA,WC Players,D,Italy,1,90,9,3.4,3.8,26.1,,,,,,,,0,5,0.6,0,0,2,,,,,,,,,,,,,,,,49,43,0.88,0,0,,0,1,0
James MILNER,WC Players,M,England,1,76,8.8,3.3,2.9,28,,,,,,,,0,0,,0,0,5,0,0,0,1,0,0,,,,,,,,,,34,21,0.62,1,0,,0,3,3
Riyad MAHREZ,WC Players,F,Algeria,1,71,8.7,2.1,4.2,23.9,,,,,,,,,,,,,,0,0,0,3,3,0,,,,,,1,0,1,0,22,12,0.55,2,0,,1,0,0
HERNANES,WC Players,M,Brazil,3,64,8.7,2.9,2.7,29.7,,,,,,,,0,0,,0,0,2,0,0,0,4,2,0,,,,,,,,,,34,22,0.65,3,1,0.33,0,0,0
Fatawu DAUDA,WC Players,G,Ghana,2,180,8.4,2.5,3.3,23.9,,,,,,,,0,3,0.67,8,0,0,0,0,0,0,1,0,,,,,,,,,,62,34,0.55,0,0,,0,20,9
Igor DENISOV,WC Players,M,Russia,2,62,8.4,3.2,2.9,23.9,,,,,,,,0,0,,0,0,7,0,0,0,1,2,0,,,,,,2,2,0,0,60,56,0.93,0,0,,0,2,2
Andy NAJAR,WC Players,M,Honduras,2,71,8.4,2.7,3.7,31.6,,,,,,,,,,,,,,0,0,0,0,2,0,,,,,,1,1,0,0,23,15,0.65,3,0,,2,0,0
Yury ZHIRKOV,WC Players,M,Russia,1,71,8.4,2.8,3.3,28.7,,,,,,,,,,,,,,,,,,,,,,,,,1,0,1,0,26,18,0.69,1,0,,0,1,1
Philippe SENDEROS,WC Players,D,Switzerland,1,81,8.3,3.1,2.7,25.5,,,,,,,,1,1,1,0,1,5,,,,,,,,,,,,,,,,64,57,0.89,0,0,,0,0,0
Kolo TOURE,WC Players,D,Ivory Coast,1,90,8.3,2.7,2.9,28.3,,,,,,,,0,6,0.67,0,0,3,0,0,0,2,1,0,,,,,,1,0,1,0,44,36,0.82,0,0,,0,0,0
Andre ALMEIDA,WC Players,D,Portugal,2,71,8.2,3.2,3.3,31.6,,,,,,,,1,1,,0,1,4,,,,,,,,,,,,,,,,43,36,0.84,2,0,,0,7,4
SAMMIR,WC Players,M,Croatia,1,72,8.2,2.9,2.4,30.9,,,,,,,,0,0,,0,0,1,0,0,0,2,1,0,,,,,,2,1,1,0,30,23,0.77,0,0,,0,1,1
Jean BEAUSEJOUR,WC Players,F,Chile,2,66,8.1,3.1,2.5,29.1,1,0,0,8,0,0,1,,,,,,,0,0,0,1,0,0,0,0,1,0,0,1,1,0,0,26,13,0.5,5,0,,0,0,0
Gelson FERNANDES,WC Players,M,Switzerland,1,54,8.1,2.4,3.3,28.5,,,,,,,,1,1,1,0,0,4,1,0,0,2,0,0,,,,,,,,,,22,17,0.77,0,0,,0,0,0
Majeed WARIS,WC Players,F,Ghana,1,71,8.1,2.8,2.9,30.3,,,,,,,,0,0,,0,1,3,1,0,0,3,3,0,,,,,,1,0,1,0,26,14,0.54,3,1,0.33,0,0,0
Joe HART,WC Players,G,England,2,180,8.1,2.8,2.8,24.1,,,,,,,,0,2,1,4,0,0,,,,,,,,,,,,,,,,47,40,0.85,0,0,,0,14,7
Marco PAROLO,WC Players,M,Italy,2,55,8.1,3,2.8,28.8,,,,,,,,,,,,,,0,0,0,0,1,0,,,,,,1,1,0,0,30,18,0.6,0,0,,0,0,0
Chris WONDOLOWSKI,WC Players,F,USA,2,51,8,3.1,2.4,24.1,,,,,,,,0,0,,0,0,1,0,0,0,1,1,0,,,,,,1,0,1,0,22,18,0.82,1,0,,0,0,0
Gaston RAMIREZ,WC Players,M,Uruguay,2,49,7.9,2.7,2.4,31.4,,,,,,,,0,0,,0,0,4,0,0,0,3,1,0,,,,,,1,1,0,0,48,37,0.77,4,3,0.75,4,1,1
Anel HADZIC,WC Players,M,Bosnia-Hercegovina,1,61,7.9,3.8,2,29.1,,,,,,,,0,2,1,0,0,0,0,0,0,1,0,0,,,,,,,,,,37,29,0.78,1,0,,0,0,0
Max GRADEL,WC Players,M,Ivory Coast,1,67,7.7,3.1,2.6,28,,,,,,,,,,,,,,0,0,0,2,2,0,,,,,,1,1,0,0,26,15,0.58,5,1,0.2,2,0,0
Brad DAVIS,WC Players,M,USA,1,59,7.7,2.4,3.5,28.3,,,,,,,,0,0,,0,0,2,0,0,0,1,0,0,,,,,,,,,,24,19,0.79,0,0,,0,2,2
Shola AMEOBI,WC Players,F,Nigeria,2,63,7.7,2.9,2.3,24.9,,,,,,,,0,0,,0,0,0,0,0,0,2,1,0,,,,,,2,2,0,0,21,14,0.67,0,0,,0,0,0
Maxi RODRIGUEZ,WC Players,M,Argentina,2,65,7.6,2.9,3.1,25,,,,,,,,0,0,,0,0,5,,,,,,,,,,,,2,1,1,0,38,32,0.84,1,0,,1,1,0
Samuel ETOO,WC Players,F,Cameroon,1,90,7.5,2.4,2.5,28.8,,,,,,,,,,,,,,0,0,0,0,1,0,,,,,,2,0,2,1,20,14,0.7,0,0,,0,0,0
JUNG Sungryong,WC Players,G,South Korea,2,180,7.4,2.5,2.1,13.4,,,,,,,,0,3,0.34,5,0,0,0,0,0,0,1,0,,,,,,,,,,38,22,0.58,0,0,,0,17,9
Klaas Jan HUNTELAAR,WC Players,F,Netherlands,3,52,7.4,2.9,2,27.2,1,1,0,4,0,1,0,0,0,,0,0,2,2,0,0,3,0,0,1,1,0,1,0,1,1,0,0,23,19,0.83,0,0,,0,0,0
Toshihiro AOYAMA,WC Players,M,Japan,1,62,7.3,2.9,2.5,25.2,,,,,,,,0,0,,0,1,2,0,0,0,2,0,0,,,,,,1,1,0,0,40,25,0.63,1,0,,0,0,0
Alireza JAHAN BAKHSH,WC Players,M,Iran,3,49,7.3,2,2.9,30,,,,,,,,0,0,,0,0,0,0,0,0,0,1,0,,,,,,1,1,0,0,25,14,0.56,2,0,,0,0,0
Boubacar BARRY,WC Players,G,Ivory Coast,3,270,7.2,2.1,2.3,28.1,,,,,,,,0,4,0.75,8,0,0,0,0,0,0,1,0,,,,,,,,,,79,58,0.73,0,0,,0,25,9
Blerim DZEMAILI,WC Players,M,Switzerland,3,54,7,2.6,2.1,28.3,1,0,0,10,0,2,1,1,1,1,0,0,2,0,0,0,3,1,0,0,0,0,1,0,4,1,3,1,50,43,0.86,0,0,,0,0,0
Adam TAGGART,WC Players,F,Australia,2,59,6.9,2.3,2.9,25.8,,,,,,,,,,,,,,0,0,0,1,0,0,,,,,,,,,,9,4,0.44,1,0,,0,0,0
VARELA,WC Players,F,Portugal,2,50,6.9,2.8,2,27.4,1,0,0,6,2,0,0,,,,,,,0,0,0,1,1,0,0,0,0,0,1,3,2,1,0,27,20,0.74,2,0,,0,1,1
Fabio COENTRAO,WC Players,D,Portugal,1,65,6.7,2.2,2.8,32.2,,,,,,,,1,0,,0,0,5,0,0,0,1,0,0,,,,,,,,,,36,30,0.83,4,0,,0,5,0
Paul VERHAEGH,WC Players,D,Netherlands,1,56,6.7,2.5,2.6,23.9,,,,,,,,0,0,,0,0,2,0,0,0,1,1,0,,,,,,,,,,32,27,0.84,0,0,,0,3,2
James TROISI,WC Players,M,Australia,2,41,6.7,2.1,3,27.6,,,,,,,,1,0,,0,0,4,0,0,0,1,1,0,,,,,,1,0,1,0,32,20,0.63,0,0,,1,1,1
Walter GARGANO,WC Players,M,Uruguay,1,60,6.7,2.1,2.2,26.7,,,,,,,,,,,,,,1,0,0,2,0,0,,,,,,,,,,45,36,0.8,0,0,,0,0,0
Adnan JANUZAJ,WC Players,M,Belgium,1,60,6.6,2.1,2.4,31.1,,,,,,,,0,0,,0,0,1,0,0,0,1,2,0,,,,,,,,,,26,14,0.54,0,0,,0,1,1
Lukas PODOLSKI,WC Players,F,Germany,2,54,6.6,2.8,2.4,24.1,,,,,,,,1,0,,0,0,3,0,0,0,0,1,0,,,,,,2,0,2,0,36,30,0.83,3,0,,0,0,0
Antonio CASSANO,WC Players,F,Italy,2,63,6.5,2.8,1.9,29.8,,,,,,,,,,,,,,0,0,0,0,3,0,,,,,,2,1,1,0,39,23,0.59,4,0,,1,0,0
Christoph KRAMER,WC Players,M,Germany,3,43,6.5,2.9,2.2,28.7,,,,,,,,0,0,,0,0,2,0,0,0,1,0,0,,,,,,1,1,0,0,24,18,0.75,0,0,,0,1,1
Marco FABIAN,WC Players,M,Mexico,3,41,6.3,2.1,2.3,31.8,,,,,,,,,,,,,,0,0,0,1,1,0,,,,,,1,1,0,0,28,23,0.82,0,0,,0,0,0
Iker CASILLAS,WC Players,G,Spain,2,180,6.2,2.2,2.3,23.9,,,,,,,,0,2,1,7,0,0,1,0,0,0,0,0,,,,,,,,,,42,35,0.83,0,0,,0,7,4
Pierre WEBO,WC Players,G,Cameroon,3,49,6.2,2,2.1,24.3,,,,,,,,0,0,,0,0,2,0,0,0,1,0,0,,,,,,2,1,1,1,21,10,0.48,0,0,,0,0,0
Mauricio PINILLA,WC Players,F,Chile,3,44,6.1,2.1,1.7,28.1,,,,,,,,0,2,,0,0,1,1,0,0,2,1,0,,,,,,4,2,2,1,26,13,0.5,0,0,,0,0,0
Sejad SALIHOVIC,WC Players,M,Bosnia-Hercegovina,2,43,6,2.3,2,25,,,,,,,,0,1,1,0,0,3,0,0,0,0,1,0,,,,,,,,,,33,18,0.55,7,0,,0,0,0
Ante REBIC,WC Players,F,Croatia,3,44,5.9,2.2,1.8,29.8,,,,,,,,,,,,,,0,0,1,3,0,0,,,,,,2,2,0,0,20,12,0.6,0,0,,0,0,0
Edgar SALLI,WC Players,M,Cameroon,2,47,5.9,2.1,2,31.2,,,,,,,,0,0,,0,0,2,1,0,0,2,2,0,,,,,,,,,,30,18,0.6,4,1,0.25,1,2,1
Ivan FRANJIC,WC Players,D,Australia,1,49,5.8,1.4,3.1,26.1,,,,,,,,1,0,,0,1,2,0,0,0,0,1,0,,,,,,,,,,26,18,0.69,3,1,0.33,0,4,0
David VILLA,WC Players,F,Spain,1,56,5.8,2.6,1.8,31.2,1,3,1,9,4,1,2,1,0,,0,0,0,0,0,0,2,2,0,0,0,0,0,0,1,1,0,0,23,15,0.65,1,0,,0,0,0
Jerry PALACIOS,WC Players,F,Honduras,1,50,5.7,2.5,1.7,27.4,,,,,,,,,,,,,,1,0,0,1,1,0,,,,,,1,0,1,0,15,12,0.8,1,0,,0,0,0
Valentin STOCKER,WC Players,M,Switzerland,1,46,5.7,2.4,1.7,22.7,,,,,,,,,,,,,,0,0,0,1,0,0,,,,,,1,0,1,0,12,9,0.75,0,0,,0,0,0
Nabil GHILAS,WC Players,F,Algeria,3,36,5.6,1.3,2.2,29.4,,,,,,,,0,3,1,0,0,2,1,0,0,2,0,0,,,,,,1,0,1,0,15,10,0.67,0,0,,0,0,0
Rui PATRICIO,WC Players,G,Portugal,1,90,5.6,1.9,2.1,21.7,,,,,,,,0,0,,2,0,0,,,,,,,,,,,,,,,,29,20,0.69,0,0,,0,6,0
Dave MYRIE,WC Players,D,Costa Rica,1,41,5.5,1.3,2.4,25.6,,,,,,,,0,0,,0,0,3,0,0,0,0,1,0,,,,,,,,,,10,7,0.7,0,0,,0,1,1
Marvin CHAVEZ,WC Players,M,Honduras,2,51,5.5,2.2,1.8,28.5,,,,,,,,,,,,,,0,0,0,3,2,0,,,,,,,,,,36,22,0.61,7,1,0.14,2,1,1
Carlos CARBONERO,WC Players,M,Colombia,1,44,5.5,2.1,2,27.4,,,,,,,,2,0,,0,0,1,0,0,0,2,2,0,,,,,,1,0,1,0,28,16,0.57,0,0,,0,1,0
Cesc FABREGAS,WC Players,M,Spain,2,34,5.4,2.5,1.7,29.8,,,,,,,,1,1,1,0,0,3,0,0,0,1,0,0,,,,,,,,,,44,36,0.82,2,1,0.5,3,0,0
Steven DEFOUR,WC Players,M,Belgium,1,45,5.3,2,1.7,26.5,,,,,,,,0,0,,0,0,2,0,0,1,2,1,0,,,,,,,,,,29,23,0.79,0,0,,0,0,0
Hugo CAMPAGNARO,WC Players,D,Argentina,1,46,5.1,2,2,23.3,,,,,,,,,,,,,,0,0,0,0,2,0,,,,,,,,,,36,34,0.94,0,0,,0,2,0
Cedric DJEUGOUE,WC Players,D,Cameroon,1,46,5,1.1,2.1,28.1,,,,,,,,0,0,,0,0,2,,,,,,,,,,,,,,,,15,9,0.6,1,0,,0,2,0
Diego REYES,WC Players,D,Mexico,1,44,5,1.3,2,24.5,,,,,,,,0,6,0.84,0,1,1,,,,,,,,,,,,,,,,12,10,0.83,0,0,,0,0,0
John BROOKS,WC Players,D,USA,1,44,5,1.4,2,26.9,1,0,0,3,0,0,0,0,1,1,0,1,2,0,0,0,0,1,0,0,0,0,0,1,1,1,0,0,19,11,0.58,0,0,,0,0,0
KIM Bokyung,WC Players,M,South Korea,2,30,5,1.9,1.7,23.6,,,,,,,,,,,,,,,,,,,,,,,,,,,,,31,27,0.87,2,2,1,0,0,0
JI Dongwon,WC Players,F,South Korea,2,29,4.9,2.1,1.4,28.5,,,,,,,,,,,,,,0,0,0,2,0,0,,,,,,2,1,1,0,18,12,0.67,1,1,1,0,0,0
Pepe REINA,WC Players,G,Spain,1,90,4.8,2.1,1.6,19.2,,,,,,,,,,,,,,,,,,,,,,,,,,,,,28,22,0.79,0,0,,0,8,7
Loic REMY,WC Players,F,France,2,28,4.7,1.8,1.5,30.1,,,,,,,,,,,,,,0,0,0,0,1,0,,,,,,1,1,0,0,21,16,0.76,2,1,0.5,0,0,0
Lorenzo INSIGNE,WC Players,F,Italy,1,33,4.6,2.2,1.2,25.6,,,,,,,,,,,,,,,,,,,,,,,,,1,0,1,0,21,13,0.62,0,0,,0,0,0
Abel HERNANDEZ,WC Players,F,Uruguay,2,37,4.6,1.4,0.9,27.9,,,,,,,,,,,,,,,,,,,,,,,,,,,,,9,6,0.67,0,0,,0,0,0
Juan MATA,WC Players,M,Spain,1,34,4.5,2.1,1.3,31.1,1,0,0,0,0,1,0,0,0,,0,0,0,0,0,0,1,0,0,0,0,1,0,0,2,2,0,0,34,31,0.91,1,1,1,1,0,0
Osman CHAVEZ,WC Players,D,Honduras,1,44,4.5,0.9,2.4,26.4,,,,,,,,0,0,,0,2,2,0,0,0,0,1,0,,,,,,,,,,10,10,1,0,0,,0,1,0
Adam KWARASEY,WC Players,G,Ghana,1,90,4.4,1.5,1.2,16.9,,,,,,,,0,0,,4,0,0,,,,,,,,,,,,,,,,27,22,0.81,0,0,,0,6,0
Marcelo BROZOVIC,WC Players,M,Croatia,1,29,4.4,1.6,1.5,28.3,,,,,,,,1,0,,0,0,2,0,0,0,1,0,0,,,,,,2,1,1,0,21,13,0.62,0,0,,0,0,0
Mubarak WAKASO,WC Players,M,Ghana,2,27,4.4,1.2,1.8,25.2,,,,,,,,0,0,,0,0,1,0,0,0,2,1,0,,,,,,2,0,2,0,15,11,0.73,2,1,0.5,1,0,0
Javier AQUINO,WC Players,M,Mexico,1,29,4.3,1.3,1.6,27.6,,,,,,,,1,0,,0,0,2,0,0,0,0,1,0,,,,,,1,1,0,0,13,10,0.77,1,0,,0,0,0
Ben FOSTER,WC Players,G,England,1,90,4.2,1.5,1.4,21.1,,,,,,,,0,0,,2,0,0,0,0,0,0,1,0,,,,,,,,,,29,23,0.79,0,0,,0,4,1
Edin VISCA,WC Players,F,Bosnia-Hercegovina,2,25,4.1,1.6,1.5,25.2,,,,,,,,,,,,,,0,0,0,1,0,0,,,,,,3,2,1,0,12,5,0.42,2,0,,0,0,0
Salvatore SIRIGU,WC Players,G,Italy,1,90,4,1.6,1.6,20.6,,,,,,,,0,0,,4,0,0,,,,,,,,,,,,,,,,37,34,0.92,0,0,,0,17,0
KIM Seunggyu,WC Players,G,South Korea,1,90,3.9,1.2,1.2,13.7,,,,,,,,0,0,,7,0,0,,,,,,,,,,,,,,,,23,13,0.57,0,0,,0,9,4
Ruben GABRIEL,WC Players,M,Nigeria,1,31,3.9,1.3,1.4,23.1,,,,,,,,,,,,,,0,0,0,2,0,0,,,,,,,,,,17,17,1,0,0,,0,0,0
Okechukwu UCHEBO,WC Players,F,Nigeria,1,24,3.8,1.5,1.4,26.1,,,,,,,,0,0,,0,0,2,,,,,,,,,,,,1,1,0,0,11,7,0.64,0,0,,0,0,0
Panagiotis GLYKOS,WC Players,G,Greece,1,66,3.7,1.1,1,23.2,,,,,,,,0,1,1,3,0,0,0,0,0,0,1,0,,,,,,,,,,23,15,0.65,0,0,,0,5,3
Ricardo ALVAREZ,WC Players,M,Argentina,1,27,3.7,1.3,1.4,30.9,,,,,,,,,,,,,,0,0,0,0,2,0,,,,,,,,,,13,11,0.85,0,0,,0,1,1
Ognjen VRANJES,WC Players,D,Bosnia-Hercegovina,1,29,3.7,1.3,1.1,28,,,,,,,,0,2,0.5,0,0,2,0,0,0,1,2,0,,,,,,,,,,18,13,0.72,4,1,0.25,0,2,1
Alex IBARRA,WC Players,F,Ecuador,1,27,3.6,0.9,1.5,27.1,,,,,,,,0,0,,0,1,1,0,0,0,2,1,0,,,,,,2,2,0,0,8,4,0.5,0,0,,0,1,0
Yoichiro KAKITANI,WC Players,F,Japan,2,25,3.5,1.5,1.1,28.3,,,,,,,,,,,,,,,,,,,,,,,,,1,1,0,0,10,5,0.5,0,0,,0,0,0
Thomas VERMAELEN,WC Players,D,Belgium,1,31,3.3,1.3,1.2,23.8,,,,,,,,,,,,,,0,0,0,1,0,0,,,,,,,,,,23,19,0.83,0,0,,0,6,4
Antonio MAVUBA,WC Players,M,France,1,25,3.3,1.5,1,23.6,,,,,,,,,,,,,,0,0,0,1,0,0,,,,,,,,,,28,26,0.93,0,0,,0,0,0
Hassan YEBDA,WC Players,M,Algeria,1,19,3.1,0.8,1.5,29.8,,,,,,,,0,0,,0,0,0,0,0,0,1,0,0,,,,,,,,,,11,5,0.45,0,0,,0,0,0
VIEIRINHA,WC Players,F,Portugal,1,21,3.1,1.2,1.1,26.1,,,,,,,,,,,,,,0,0,0,1,0,0,,,,,,,,,,15,8,0.53,1,0,,0,1,1
Michael BARRANTES,WC Players,M,Costa Rica,2,13,3,1.1,1,28,,,,,,,,,,,,,,0,0,0,2,1,0,,,,,,,,,,16,12,0.75,0,0,,0,0,0
Karim ANSARI FARD,WC Players,F,Iran,1,22,3,0.9,1.2,24.9,,,,,,,,,,,,,,1,0,0,1,0,0,,,,,,,,,,5,5,1,1,0,,0,0,0
Hugo ALMEIDA,WC Players,F,Portugal,1,28,2.9,0.9,1.2,24.5,,,,,,,,,,,,,,,,,,,,,,,,,1,1,0,0,6,4,0.67,0,0,,0,0,0
Mathis BOLLY,WC Players,M,Ivory Coast,1,17,2.9,1.2,0.9,27.2,,,,,,,,,,,,,,,,,,,,,,,,,1,0,1,0,5,5,1,0,0,,0,0,0
EDUARDO,WC Players,F,Croatia,1,21,2.8,1.1,0.7,29.1,,,,,,,,0,0,,0,0,0,1,0,0,0,0,0,,,,,,1,1,0,0,9,8,0.89,0,0,,0,0,0
Michael ESSIEN,WC Players,M,Ghana,1,19,2.7,1.1,0.8,26.3,,,,,,,,1,0,,0,0,2,0,0,0,1,0,0,,,,,,1,1,0,0,19,16,0.84,0,0,,0,0,0
Joel VELTMAN,WC Players,D,Netherlands,2,14,2.6,0.9,0.9,27.2,,,,,,,,0,1,1,0,0,0,0,0,0,2,0,0,,,,,,,,,,7,5,0.71,0,0,,0,0,0
Godfrey OBOABONA,WC Players,D,Nigeria,1,29,2.6,1.2,0.7,25.2,,,,,,,,,,,,,,0,0,0,1,0,0,,,,,,,,,,25,24,0.96,0,0,,0,0,0
Acquah AFRIYIE,WC Players,M,Ghana,1,14,2.5,0.7,1.1,28.5,,,,,,,,0,0,,0,0,1,,,,,,,,,,,,,,,,9,7,0.78,0,0,,0,0,0
Carlos BACCA,WC Players,F,Colombia,1,20,2.4,0.9,0.4,22.3,,,,,,,,,,,,,,0,0,0,2,1,0,,,,,,1,1,0,0,7,6,0.86,0,0,,0,0,0
Jozy ALTIDORE,WC Players,F,USA,1,23,2.4,0.7,0.9,23.5,,,,,,,,,,,,,,,,,,,,,,,,,1,1,0,0,7,3,0.43,0,0,,0,0,0
Alessio CERCI,WC Players,F,Italy,1,21,2.4,1.2,0.6,24.6,,,,,,,,,,,,,,,,,,,,,,,,,,,,,6,4,0.67,1,1,1,1,0,0
Ejike UZOENYI,WC Players,M,Nigeria,1,15,2.3,0.8,0.9,23.3,,,,,,,,0,0,,0,0,0,,,,,,,,,,,,1,0,1,0,,,,,,,,,
HWANG Seokho,WC Players,D,South Korea,1,17,2.3,0.8,0.9,22.4,,,,,,,,,,,,,,,,,,,,,,,,,,,,,9,8,0.89,0,0,,0,0,0
Julian DRAXLER,WC Players,D,Germany,1,14,2.3,1.1,0.6,27.7,,,,,,,,,,,,,,0,0,0,1,0,0,,,,,,,,,,9,9,1,0,0,,0,0,0
Mario MARTINEZ,WC Players,M,Honduras,1,19,2.2,0.9,0.6,25.2,,,,,,,,,,,,,,0,0,0,0,1,0,,,,,,2,2,0,0,14,11,0.79,1,0,,1,1,1
Albert ADOMAH,WC Players,M,Ghana,1,12,2.2,0.9,0.6,26.5,,,,,,,,,,,,,,,,,,,,,,,,,,,,,12,8,0.67,0,0,,0,2,0
Julian GREEN,WC Players,M,USA,1,13,2.1,1,0.6,24.1,1,0,1,0,0,0,2,,,,,,,0,0,0,0,1,0,0,0,0,1,0,1,1,0,0,10,8,0.8,2,1,0.5,0,1,1
Michael LANG,WC Players,D,Switzerland,1,13,2.1,0.7,1,25,,,,,,,,,,,,,,0,0,0,1,0,0,,,,,,,,,,7,4,0.57,1,1,1,0,0,0
Joao ROJAS,WC Players,F,Ecuador,1,13,2.1,0.6,1,25.9,,,,,,,,,,,,,,0,0,0,1,0,0,,,,,,,,,,6,4,0.67,0,0,,0,0,0
Uche NWOFOR,WC Players,F,Nigeria,2,11,2.1,0.9,0.6,23.8,,,,,,,,,,,,,,,,,,,,,,,,,,,,,6,5,0.83,0,0,,0,0,0
Konan YA,WC Players,F,Ivory Coast,1,12,2,0.7,0.6,26.7,,,,,,,,,,,,,,0,0,0,0,1,0,,,,,,,,,,8,8,1,2,1,0.5,5,0,0
Constant DJAKPA,WC Players,D,Ivory Coast,1,15,2,0.7,0.7,24.3,,,,,,,,,,,,,,,,,,,,,,,,,,,,,11,9,0.82,0,0,,0,2,0
Leroy FER,WC Players,M,Netherlands,1,15,2,0.5,0.8,22,1,0,0,1,0,1,0,0,2,1,0,0,1,0,0,0,1,0,0,0,0,0,0,1,1,1,0,0,6,6,1,0,0,,0,0,0
Helder POSTIGA,WC Players,F,Portugal,1,16,1.9,0.9,0.5,21.2,,,,,,,,,,,,,,,,,,,,,,,,,,,,,3,3,1,0,0,,0,0,0
Carlos PENA,WC Players,M,Mexico,1,11,1.8,0.4,0.8,26.3,,,,,,,,,,,,,,0,0,0,0,1,0,,,,,,,,,,1,1,1,0,0,,0,0,0
Gabriel ACHILIER,WC Players,D,Ecuador,2,9,1.8,0.5,0.7,22.7,,,,,,,,,,,,,,,,,,,,,,,,,,,,,,,,,,,,,
Jorge FUCILE,WC Players,D,Uruguay,1,11,1.7,0.4,0.6,24.6,,,,,,,,,,,,,,0,0,0,1,0,0,,,,,,,,,,2,1,0.5,0,0,,0,1,1
Ismael DIOMANDE,WC Players,M,Ivory Coast,1,12,1.6,0.4,0.5,26.8,,,,,,,,,,,,,,,,,,,,,,,,,,,,,3,2,0.67,0,0,,0,0,0
Jose ROJAS,WC Players,D,Chile,1,12,1.4,0.3,0.5,25.4,,,,,,,,,,,,,,,,,,,,,,,,,,,,,,,,,,,,,
Edison MENDEZ,WC Players,M,Ecuador,1,8,1.4,0.4,0.5,20.5,,,,,,,,,,,,,,,,,,,,,,,,,,,,,8,4,0.5,0,0,,1,1,1
Hiroshi KIYOTAKE,WC Players,M,Japan,1,5,1.3,0.6,0.5,22.4,,,,,,,,,,,,,,,,,,,,,,,,,,,,,6,5,0.83,1,0,,0,0,0
Giovanni SIO,WC Players,F,Ivory Coast,1,7,1.2,0.3,0.3,30.2,,,,,,,,0,0,,0,0,0,0,0,0,2,1,1,,,,,,1,1,0,0,4,2,0.5,0,0,,0,0,0
Carlos CARMONA,WC Players,M,Chile,1,2,1.2,0.3,0.5,23.4,,,,,,,,0,0,,0,1,0,,,,,,,,,,,,,,,,3,2,0.67,0,0,,0,0,0
Raul JIMENEZ,WC Players,F,Mexico,1,6,1.1,0.3,0.4,23.8,,,,,,,,,,,,,,,,,,,,,,,,,1,1,0,0,,,,,,,,,
Jean MAKOUN,WC Players,M,Cameroon,1,9,1.1,0.3,0.4,21,,,,,,,,,,,,,,0,0,0,0,2,0,,,,,,,,,,8,6,0.75,0,0,,0,0,0
Reza HAGHIGHI,WC Players,M,Iran,1,2,0.9,0.2,0.5,20.1,,,,,,,,,,,,,,,,,,,,,,,,,,,,,3,2,0.67,0,0,,0,1,0
HENRIQUE,WC Players,D,Brazil,1,2,0.9,0.1,0.4,19.7,,,,,,,,0,0,,0,1,1,,,,,,,,,,,,,,,,2,2,1,0,0,,0,0,0
Sebastian COATES,WC Players,D,Uruguay,1,2,0.8,0.2,0.3,31.6,,,,,,,,0,0,,0,1,1,,,,,,,,,,,,,,,,3,2,0.67,1,1,1,0,0,0
Rickie LAMBERT,WC Players,F,England,1,3,0.8,0.3,0.2,16.9,,,,,,,,,,,,,,0,0,0,1,0,0,,,,,,,,,,,,,,,,,,
Terence KONGOLO,WC Players,D,Netherlands,1,1,0.6,0.1,0.2,27.2,,,,,,,,,,,,,,,,,,,,,,,,,,,,,,,,,,,,,
EDUARDO,WC Players,F,Croatia,1,1,0.4,0.1,0.1,12.7,,,,,,,,0,0,,0,0,0,1,0,0,0,0,0,,,,,,1,1,0,0,9,8,0.89,0,0,,0,0,0
Faryd MONDRAGON,WC Players,G,Colombia,1,5,0.4,0.1,0.1,15,,,,,,,,0,0,,1,0,0,,,,,,,,,,,,,,,,2,1,0.5,0,0,,0,2,1
Michel VORM,WC Players,G,Netherlands,1,1,0.1,0,0,11.3,,,,,,,,,,,,,,,,,,,,,,,,,,,,,1,1,1,0,0,,0,2,1
Tim KRUL,WC Players,G,Netherlands,1,1,0.1,0,0,17.7,,,,,,,,,,,,,,,,,,,,,,,,,,,,,,,,,,,,,
David,Doormat,M,FC Doormat,4,226,28.9,,,28.31,,,,,,,,,,,,,,,,,,,,,,,,,,,,,,,,,,,,,
Peter,Doormat,M,FC Doormat,1,54,6.6,,,27.53,,,,,,,,,,,,,,,,,,,,,,,,,,,,,,,,,,,,,
Andrew,Doormat,D,FC Doormat,1,58.5,6.6,,,28.2,,,,,,,,,,,,,,,,,,,,,,,,,,,,,,,,,,,,,
